,sub_link,sub_title,author
0,https://www.douban.com/group/topic/200748981/,è½¬ç çƒ­æ½®ä¸‹ï¼Œç‰¹åˆ«æ˜¯ä¼šåœ¨å›½å†…å°±ä¸šçš„å§å¦¹ï¼Œæ³¨æ„ä¸è¦ç›²ç›®è·Ÿé£è½¬ç ,https://www.douban.com/people/89197335/
1,https://www.douban.com/group/topic/201030415/,video interviewæ€ä¹ˆç ´,https://www.douban.com/people/103993881/
2,https://www.douban.com/group/topic/197323855/,é¢è¯•å®˜ä¹Ÿæ˜¯ä¸ªç¤¾ç•œå•Š,https://www.douban.com/people/yun5s/
3,https://www.douban.com/group/topic/201028214/,æœ‰æ— è‡ªå­¦UX design çš„åŒå­¦æƒ³äº’ç›¸ç›‘ç£ æƒ³å»ºä¸€ä¸ªæ‰“å¡/å­¦ä¹ ç¾¤,https://www.douban.com/people/182319776/
4,https://www.douban.com/group/topic/200961486/,å¯»æ‰¾å­¦å‰ç«¯çš„å§å¦¹ä¸€èµ·é€æ¢¦äº’è”ç½‘,https://www.douban.com/people/199154347/
5,https://www.douban.com/group/topic/200851945/,å¤§å®¶åœ¨ice breakerè‡ªæˆ‘ä»‹ç»çš„æ—¶å€™ éƒ½æœ‰ä»€ä¹ˆfun factå•Šï¼Ÿ,https://www.douban.com/people/196043001/
6,https://www.douban.com/group/topic/200277688/,åŒ—ç¾è½¬ç  æ˜¯åœ¨å„ç§å°å…¬å¸ä¸­è½®è½¬æ”’ç»éªŒç¡¬è½¬è¿˜æ˜¯å†æ‹¿ä¸ªå­¦ä½,https://www.douban.com/people/65841381/
7,https://www.douban.com/group/topic/200801553/,æœºæ¢°å·¥ç¨‹å¸ˆçš„å‘å±•,https://www.douban.com/people/226037049/
8,https://www.douban.com/group/topic/200948269/,æœ‰æ²¡æœ‰å‚åŠ vGHC career extensionçš„å°ä¼™ä¼´,https://www.douban.com/people/87084701/
9,https://www.douban.com/group/topic/200553428/,æ±‚å»ºè®® è½¬è¡Œå‰ç«¯ï¼Œç®€å†é¡¹ç›®é—®é¢˜,https://www.douban.com/people/61096683/
10,https://www.douban.com/group/topic/200300007/,ä¹¦å‘†ç³»åˆ—2 | 11/10æ›´æ–°å•¦~~ç•™ç¾åå¹´ä¹‹è½¬ç å†ç¨‹ï¼ˆé•¿æ–‡æŒç»­æ›´æ–°ä¸­â€¦â€¦ï¼‰,https://www.douban.com/people/164561784/
11,https://www.douban.com/group/topic/200958554/,å¯ä»¥éº»çƒ¦å¤§å®¶å¸®åº”å±Šç”Ÿé€‰ä¸ªofferå˜›,https://www.douban.com/people/128324668/
12,https://www.douban.com/group/topic/200414875/,å¤§å®¶åœ¨å­¦ä¹ å·¥ä½œä¸­å—åˆ°è¿‡æ€§åˆ«æ­§è§†å˜›ï¼Ÿ,https://www.douban.com/people/153459770/
13,https://www.douban.com/group/topic/200948525/,å·¥ä½œå¤ªå¿™æ€æ ·æœ‰æ•ˆå¥èº«ä¿æŒç²¾åŠ›,https://www.douban.com/people/59805190/
14,https://www.douban.com/group/topic/201007393/,å…³äºå›½å†…å…¥é—¨å‰ç«¯çš„ä¸€ç‚¹å»ºè®®,https://www.douban.com/people/uhavejoy/
15,https://www.douban.com/group/topic/198309796/,ç»„é‡Œå„ä½æœ‰æ²¡æœ‰h1bè¿‡æ¥äººï¼Ÿæ˜å¹´æœ€åä¸€æ¬¡h1bæŠ½ç­¾ï¼ŒSTEM OPTæ˜å¹´è¿‡æœŸï¼Œä¸æƒ³å›å›½çš„é—®é—®å‡ºè·¯åœ¨ä½•æ–¹,https://www.douban.com/people/187248432/
16,https://www.douban.com/group/topic/198789695/,å…³äºDSé•¿æœŸèŒä¸šè§„åˆ’ ï¼ˆsenior/ principal scientist è¿˜æ˜¯ managerï¼‰,https://www.douban.com/people/4221061/
17,https://www.douban.com/group/topic/200932921/,ç¤¾äº¤æ—¶å¦‚ä½•åº”å¯¹åˆ«äººçš„è‡ªå˜²ï¼Ÿ,https://www.douban.com/people/213479772/
18,https://www.douban.com/group/topic/194176433/,AMA | Product Designer (new grad) @åŒ—ç¾äº’è”ç½‘å…¬å¸ ç»éªŒåˆ†äº«,https://www.douban.com/people/120607634/
19,https://www.douban.com/group/topic/200989583/,å¦‚ä½•åœ¨peer pressure ä¸­è°ƒæ•´å¿ƒæ€,https://www.douban.com/people/159835218/
20,https://www.douban.com/group/topic/200876640/,è¯·é—®ä¸€ä¸‹data analystçš„ç»†åˆ†å²—ä½,https://www.douban.com/people/167086338/
21,https://www.douban.com/group/topic/200395038/,çœŸè¯šæ±‚é—® å®…å®¶ä½¿äººå´©æºƒ,https://www.douban.com/people/183511390/
22,https://www.douban.com/group/topic/200516739/,å¥³æ€§è¦æŠ“ä½æœºä¼šåœ¨èŒåœºå¥‹æ–—æ‰èƒ½ä¸ºå¦¹å¦¹ä»¬å¥³å„¿ä»¬äº‰å¾—åº”æœ‰çš„æƒåˆ©å’Œè‰¯å¥½çš„å·¥ä½œç¯å¢ƒ,https://www.douban.com/people/167113249/
23,https://www.douban.com/group/topic/199001506/,ç¾å›½å·¥ä½œæœ‰ä¸­å¹´å±æœºå—,https://www.douban.com/people/206595544/
24,https://www.douban.com/group/topic/200265235/,åˆ†äº«ä¸€ä¸‹æ–‡ç§‘ç”ŸæˆåŠŸè½¬ç ä¸Šå²¸ç»éªŒä»¥åŠè‡ªå·±å¯¹é¢è¯•åˆ·é¢˜å®ä¹ ç­‰çš„å¿ƒå¾—ï¼ˆ11/13æ›´æ–°ï¼‰,https://www.douban.com/people/75379948/
25,https://www.douban.com/group/topic/199334040/,å¹´åº•ngæƒ³é—®äº”ä¸ªæœˆèƒ½æ‰¾ç€å·¥ä½œå—,https://www.douban.com/people/141783286/
26,https://www.douban.com/group/topic/200981124/,æƒ³é—®ä¸€ä¸‹å¤§å®¶ï¼Œå¦‚æœç•™è‹±è½¬ç éœ€è¦ç”³äºŒç¡•å—ï¼Ÿ,https://www.douban.com/people/166238713/
27,https://www.douban.com/group/topic/200763467/,åŒ—ç¾é‡åŒ–é‡‘è,https://www.douban.com/people/152916766/
28,https://www.douban.com/group/topic/200553008/,å¤§å®¶æ¥åˆ†äº«ä¸€ä¸‹åŠ å…¥å°ç»„å¯¹ä½ æœ‰ä»€ä¹ˆå½±å“å‘€ï½,https://www.douban.com/people/211283886/
29,https://www.douban.com/group/topic/200777209/,åº”å±Šäº§å“offeræ±‚æ¯”è¾ƒ,https://www.douban.com/people/186671642/
30,https://www.douban.com/group/topic/200944660/,æ±‚DA/BAèŒä¸šå‘å±•å»ºè®®,https://www.douban.com/people/126114122/
31,https://www.douban.com/group/topic/198471155/,éšä¾¿èŠèŠç¼–ç¨‹è¯­è¨€,https://www.douban.com/people/babytalking/
32,https://www.douban.com/group/topic/200067809/,è¿‘æœŸå›å›½è¿˜æ˜¯ç›®å‰ç»§ç»­ç•™ç¾ï¼Œè¯·æ•™å¤§å®¶å»ºè®®ï¼ˆå·²å†³å®šï¼‰,https://www.douban.com/people/58335145/
33,https://www.douban.com/group/topic/200542928/,æƒ³è¯·æ•™ç»„å†…çš„å„ä½åœ¨èŒå§å¦¹å…³äºæ—¶é—´ç®¡ç†çš„é—®é¢˜ï¼Œå¦‚ä½•åˆ©ç”¨ä¸‹ç­åçš„æ—¶é—´å­¦ä¹ ,https://www.douban.com/people/126219077/
34,https://www.douban.com/group/topic/198556870/,ä¸œäº¬åœ¨é©» æ¬¢è¿äº¤æµğŸ‘,https://www.douban.com/people/79136415/
35,https://www.douban.com/group/topic/200905519/,2021å¹´çš„å¤å¤©å¯ä»¥åšä»€ä¹ˆ+æ‰¾ä¸åˆ°å¤å¤©å®ä¹ çš„æ²®ä¸§,https://www.douban.com/people/181291542/
36,https://www.douban.com/group/topic/200642012/,åé¦ˆç»„é‡Œ-æ¾³æ´²ç•™å­¦/å·¥ä½œ/ç§»æ°‘/è½¬ç /å†…æ¨,https://www.douban.com/people/210528304/
37,https://www.douban.com/group/topic/200526823/,21å±Šç¾æœ¬ç»ˆäºç§‹æ‹›ä¸Šå²¸ ï¼ï¼(å›å›½)é—æ†¾+æ„Ÿæ‚Ÿ,https://www.douban.com/people/138953843/
38,https://www.douban.com/group/topic/200700090/,æœ‰åšrpaå¼€å‘çš„å§å¦¹ä¹ˆï¼Ÿ,https://www.douban.com/people/145642941/
39,https://www.douban.com/group/topic/200803304/,å®ä¹ ç”Ÿå¦‚ä½•ä¸»åŠ¨æé«˜å·¥ä½œå«é‡‘é‡,https://www.douban.com/people/177499430/
40,https://www.douban.com/group/topic/200826820/,å¯¹äºä»¥å¾€æ¯ä»½å·¥ä½œçš„æ—¶é—´éƒ½ä¸è¶…è¿‡ä¸€å¹´è¿™ç§æƒ…å†µï¼Œè¯¥å¦‚ä½•è¿›å…¥ä¸­å¤§å‹ä¼ä¸šï¼Ÿ,https://www.douban.com/people/56469183/
41,https://www.douban.com/group/topic/199555286/,ä¹¦å‘†ç³»åˆ—1ï½œä½œä¸ºICï¼Œè¦åšçš„å°±æ˜¯æˆä¸ºGo-to-person,https://www.douban.com/people/164561784/
42,https://www.douban.com/group/topic/200901284/,å¯¹æœªæ¥å¾ˆè¿·èŒ«ï¼Œæœ‰æ²¡æœ‰å§å¦¹èƒ½å»ºè®®ä¸€ä¸‹æœªæ¥çš„å‘å±•æ–¹å‘å•Š,https://www.douban.com/people/212315666/
43,https://www.douban.com/group/topic/200328718/,è¯»ç ”è¿˜æ˜¯å»åšQA contractorï¼ŒçœŸå¿ƒæ±‚å»ºè®®,https://www.douban.com/people/sujr_H/
44,https://www.douban.com/group/topic/194809061/,å•†ç§‘è½¬Tech Sr DS/DA Ask Me Anything,https://www.douban.com/people/qingmingchen/
45,https://www.douban.com/group/topic/200818680/,æœ¬ç§‘æœŸé—´å¦‚ä½•äº‰å–researchæœºä¼šï¼Ÿ,https://www.douban.com/people/67559181/
46,https://www.douban.com/group/topic/200663199/,æœ‰æ²¡æœ‰æƒ³ä¸€èµ·å‚åŠ MLæ¯”èµ›ï¼ˆæ–°äººå…¥é—¨å‘ï¼‰æˆ–è€…ä¸€èµ·å­¦ä¹ MLçš„å§å¦¹,https://www.douban.com/people/206484637/
47,https://www.douban.com/group/topic/200154800/,è½¬è¡Œæ•°æ®åˆ†æï¼Œæ€æ ·è‡ªå·±æ‰¾é¡¹ç›®åš,https://www.douban.com/people/53159039/
48,https://www.douban.com/group/topic/200890558/,uber directorå…³äºåšå­¦æœ¯è¿˜æ˜¯industryçš„å»ºè®®,https://www.douban.com/people/144080533/
49,https://www.douban.com/group/topic/200184464/,ä¹¦å‘†ç³»åˆ—7ï½œé¢å¯¹æ¯”ä½ ä¼˜ç§€çš„äººå¿…é¡»å¼¯é“è¶…è½¦,https://www.douban.com/people/164561784/
50,https://www.douban.com/group/topic/199820884/,Sorry Not Sorry å…³äºä¸€ä¸Šæ¥å°±å–œæ¬¢è¯´Sorryçš„ä¹ æƒ¯,https://www.douban.com/people/ecowhite/
51,https://www.douban.com/group/topic/200828238/,è‰ºæœ¯ç”Ÿæƒ³è½¬BA/DA,https://www.douban.com/people/84636287/
52,https://www.douban.com/group/topic/200094292/,æƒ³è¯·é—®å„ä½å§å¦¹è§‰å¾—30+æ²¡æœ‰è¡Œä¸šç»éªŒå’ŒèƒŒæ™¯ï¼Œè½¬ç æ˜¯ä¸æ˜¯ä¸€ä¸ªå¥½çš„é€‰æ‹©ï¼Ÿ,https://www.douban.com/people/50601282/
53,https://www.douban.com/group/topic/199928013/,å…³äºå­¦ä¸œè¥¿ä»¥åŠå…‹æœç„¦è™‘,https://www.douban.com/people/babytalking/
54,https://www.douban.com/group/topic/199837368/,æ±‚å»ºè®®ï¼šå› ä¸ºä½gpaå¼•å‘çš„ä¸€ç³»åˆ—ç„¦è™‘,https://www.douban.com/people/124653028/
55,https://www.douban.com/group/topic/200735958/,dsè¯¾ç¨‹é€‰æ‹©ï¼šmit or harvard or ibm,https://www.douban.com/people/138936661/
56,https://www.douban.com/group/topic/199879333/,æƒ³é—®ä¸‹å¤§å®¶å¯¹äºåŒ—ç¾èŒåœºä¸­ç»™è‡ªå·±èµ·è‹±æ–‡åæ˜¯ä»€ä¹ˆçœ‹æ³•,https://www.douban.com/people/60281103/
57,https://www.douban.com/group/topic/200768116/,å¯¹äºæœªæ¥å‘å±•çš„å›°æƒ‘å’Œè¿·èŒ«,https://www.douban.com/people/113581446/
58,https://www.douban.com/group/topic/200802732/,åˆ°åº•ä¿®ä¸ä¿®æ ¡å†…çš„csï¼Ÿ,https://www.douban.com/people/170424040/
59,https://www.douban.com/group/topic/200740609/,æˆ‘å¤ªçŸ«æƒ…äº†ï¼Ÿ,https://www.douban.com/people/144664439/
60,https://www.douban.com/group/topic/199858780/,è¯·æ•™å•†ç§‘è½¬dsã€daå»ºè®®,https://www.douban.com/people/138936661/
61,https://www.douban.com/group/topic/196764800/,åæ ‡ åŒ—äº¬ ç ”ç©¶æ‰€ï¼Œå³å°†å…¥èŒbat  ä¸¤æ®µå®ä¹ ç»å† è½¬è¡Œå…¥äº’è”ç½‘,https://www.douban.com/people/148764922/
62,https://www.douban.com/group/topic/200735257/,æ•‘æ•‘å­©å­ï¼Œc++é¢è¯•é¢˜,https://www.douban.com/people/146089864/
63,https://www.douban.com/group/topic/200060421/,ä¹¦å‘†ç³»åˆ—1ï½œ èŒä¸šå‘å±•è·¯å¾„ä¹‹ç å†œ,https://www.douban.com/people/164561784/
64,https://www.douban.com/group/topic/200325134/,å¤§å®¶æœ‰æ²¡æœ‰è‡ªå·±çš„å¥³æ€§æ¦œæ ·,https://www.douban.com/people/72384594/
65,https://www.douban.com/group/topic/198561263/,AMA åŒ—ç¾PM FLAG->å›½å†…å¤§å‚,https://www.douban.com/people/2134286/
66,https://www.douban.com/group/topic/193966584/,å•†ç§‘è½¬ç ï¼ŒSr Software Engineer/TL @ FBï¼ŒAMA,https://www.douban.com/people/lamental/
67,https://www.douban.com/group/topic/200635598/,å¦‚ä½•è§£å†³è‡ªå·±çš„ç„¦è™‘å¿ƒæ€/åœæ­¢æ”€æ¯”â€¦,https://www.douban.com/people/fighting_P/
68,https://www.douban.com/group/topic/200699845/,æœˆè–ªä¸‰ä¸‡ æƒ³è¦é€ƒç¦»äº’è”ç½‘,https://www.douban.com/people/64452558/
69,https://www.douban.com/group/topic/195803671/,Quant->DS->SDE,https://www.douban.com/people/47539784/
70,https://www.douban.com/group/topic/200650246/,æµ·å¤–ç¡•å¦‚æœè¦å›å›½æ‰¾å·¥ä½œå¦‚ä½•æ‰¬é•¿é¿çŸ­ï¼Ÿ,https://www.douban.com/people/139868785/
71,https://www.douban.com/group/topic/200664543/,æ¯•ä¸šä¹‹åæ€ä¹ˆåœ¨å›½å†…æ‰¾äº¤äº’å®ä¹ ï¼åˆçº§å·¥ä½œ,https://www.douban.com/people/151844199/
72,https://www.douban.com/group/topic/195404632/,AMA äº’è”ç½‘è½¬æ™ºèƒ½ç¡¬ä»¶çš„äº§å“ç»ç†ï¼Œç®—æ˜¯å¤§å‚å§ï¼Œæœ‰éœ€è¦æˆ‘å¯ä»¥è§£ç­”ç–‘é—®,https://www.douban.com/people/135140033/
73,https://www.douban.com/group/topic/200430585/,è¯·é—®å¤§å®¶ï¼Œåœ¨å›½å†…å¦‚ä½•å…‹æœå¯¹å¤–è²Œçš„ç„¦è™‘æ„Ÿå’Œåœ¨æ„,https://www.douban.com/people/41922072/
74,https://www.douban.com/group/topic/199836423/,æ–°äººè¡¨ç°æ¯”æˆ‘å¥½ï¼Œå¿ƒé‡Œä¸èˆ’æœæ€ä¹ˆå…‹æœ,https://www.douban.com/people/144142505/
75,https://www.douban.com/group/topic/197679490/,ä¸ªäººå‘å±•|åˆ†äº«ä¸ªäººè½¬ç å­¦ä¹ ç»å†ï¼ˆç¾ç ”è½¬csç¬¬ä¸€å¹´ï¼‰,https://www.douban.com/people/63382363/
76,https://www.douban.com/group/topic/200416782/,è¯·æ•™å¤§å®¶å…³äºç”³è¯·ç¾ç¡•çš„å»ºè®®,https://www.douban.com/people/178422808/
77,https://www.douban.com/group/topic/199412142/,æµ·æœ¬æ–‡ç†top30 é«˜gpa é«˜gre å¼±ç§‘ç ” æ±‚ds/csé¡¹ç›®å»ºè®®ï¼ˆå·²ç”³è¯·ï¼‰,https://www.douban.com/people/196043001/
78,https://www.douban.com/group/topic/194197614/,å¤§å®¶ç”Ÿæ´»é‡Œæœ‰æ²¡æœ‰female role modelï¼Ÿ,https://www.douban.com/people/211283886/
79,https://www.douban.com/group/topic/194994143/,ä¸æŠ±å¸Œæœ›æ¥é—®ä¸€å¥ï¼Œå°ç»„é‡Œæœ‰äº†è§£éŸ³ä¹äººå·¥æ™ºèƒ½æˆ–è€…ç±»ä¼¼ä¸“ä¸šçš„å‹é‚»å—,https://www.douban.com/people/141769344/
80,https://www.douban.com/group/topic/200453937/,æ±‚é—®è¿™ä¸ªå¹´ä»£è¯»MBAçš„é‡è¦æ€§,https://www.douban.com/people/139508857/
81,https://www.douban.com/group/topic/196786846/,ã€å›´åŸæ€è€ƒã€‘æ‹¿æ°¸å±…/æ¢æŠ¤ç…§åå›å›½å‘å±•æ˜¯å¦åˆé€‚ï¼Ÿ ,https://www.douban.com/people/Wangmew/
82,https://www.douban.com/group/topic/195658301/,åˆå…¥èŒåœºçš„å›°æƒ‘ï¼šä»€ä¹ˆæ—¶å€™è¯¥è¯´è¯ï¼Ÿä»€ä¹ˆæ—¶å€™è¯¥å¬ç€ï¼Ÿä»€ä¹ˆæ—¶å€™å¼€å§‹å¢åŠ è‡ªå·±çš„impactï¼Ÿ.....,https://www.douban.com/people/les-foraman/
83,https://www.douban.com/group/topic/194038421/,AMA é¡ºæ‰¾ä¼¦æ•¦åŒå¥½ Computer Vision Engineer @ä¼¦æ•¦,https://www.douban.com/people/167062926/
84,https://www.douban.com/group/topic/200537336/,æƒ³æ—©ç‚¹å»ç¾å›½è¯»mbaæ¢è¡Œä¸š,https://www.douban.com/people/totorototo/
85,https://www.douban.com/group/topic/200438203/,å…³äºè‡ªå­¦UX designå’ŒUXä½œå“é›†çš„å‡ ä¸ªç–‘é—®,https://www.douban.com/people/182319776/
86,https://www.douban.com/group/topic/200507339/,æœ‰æ²¡æœ‰ä¸ç”¨validationçš„DS,https://www.douban.com/people/174368062/
87,https://www.douban.com/group/topic/198169363/,å…³äºåŠ æ‹¿å¤§collegeç”³è¯·è¯´ä¸€äº›è‡ªå·±çŸ¥é“çš„å†…å®¹,https://www.douban.com/people/yun5s/
88,https://www.douban.com/group/topic/193885783/,FAANG Data Engineer - æ–°é—»è½¬æ•°æ® - AMA,https://www.douban.com/people/smile0802/
89,https://www.douban.com/group/topic/200423747/,è¯·é—®ä¸€ä¸‹è¿è¥å’Œäº§å“çš„å·®è·,https://www.douban.com/people/190659223/
90,https://www.douban.com/group/topic/200077052/,åœ¨ç§‘æŠ€å…¬å¸å®ä¹ æƒ³ç»­ç­¾ï¼Œä¸çŸ¥å¦‚ä½•é—®ï¼Œæ±‚å»ºè®®,https://www.douban.com/people/144080533/
91,https://www.douban.com/group/topic/200401417/,æ±‚csç›¸å…³ä¸€èµ·åˆ·é¢˜ã€è·³æ§½æ±‚èŒçš„å°ä¼™ä¼´,https://www.douban.com/people/62065878/
92,https://www.douban.com/group/topic/196346076/,ipadæé«˜å·¥ä½œæ•ˆç‡ æ±‚ä¸ªè‹±æ–‡è§£é‡Šçš„åˆ·å•è¯app,https://www.douban.com/people/fade_away/
93,https://www.douban.com/group/topic/200035567/,è·Ÿï¼ˆæœªæ¥ï¼‰è€æ¿èŠå¤©ï¼Œé—®ä»€ä¹ˆé—®é¢˜ä¼šæ›´å¥½åœ°äº†è§£æœªæ¥çš„ç»„å‘¢ï¼Ÿ,https://www.douban.com/people/194378497/
94,https://www.douban.com/group/topic/200015823/,å›½å†…äº’è”ç½‘æ•°æ®åˆ†æå¸ˆçš„èŒä¸šå‘å±•,https://www.douban.com/people/143607160/
95,https://www.douban.com/group/topic/195657003/,èŒåœºå‘å±• | å½“ä½ åœ¨å’ŒmentorèŠå¤©çš„æ—¶å€™åº”è¯¥èŠäº›ä»€ä¹ˆ,https://www.douban.com/people/63351658/
96,https://www.douban.com/group/topic/199719476/,ç§‹æ‹›èµ°è¿æ‹¿äº†å¿ƒä»ªå…¬å¸offerï¼Œä½†æƒ³èµ·æš‘æœŸå®ä¹ é‡åˆ°çš„ä¸æ„‰å¿«è¿˜æ˜¯å¾ˆçƒ¦,https://www.douban.com/people/137482373/
97,https://www.douban.com/group/topic/199636884/,è¯·æ•™disabilityç›¸å…³é—®é¢˜,https://www.douban.com/people/180964846/
98,https://www.douban.com/group/topic/200024280/,ã€ç»„å¤–æ¨å¹¿ã€‘â€œå¥¹è¯´Canadaï¼šç§»æ°‘ä¸ç”Ÿæ´»ä½“éªŒâ€åˆ†äº«ä¼šæ¬¢è¿å¤§å®¶æ¥ç©,https://www.douban.com/people/34070623/
99,https://www.douban.com/group/topic/195791070/,é€¼æˆ‘è½¬è¡Œäº† æ±‚ä¸€èµ·è¿›æ­¥å°å§å¦¹,https://www.douban.com/people/68794235/
100,https://www.douban.com/group/topic/200023200/,æä¾›å†…æ¨ï¼Œåæ ‡åŠ æ‹¿å¤§ï¼Œå„ç±»æŠ€æœ¯å²—ï¼ˆå†…è¯¦ï¼‰,https://www.douban.com/people/zeaglog/
101,https://www.douban.com/group/topic/196842793/,å¤§é¾„çº¯å•†ç§‘èƒŒæ™¯ï¼Œå›°æƒ‘ä¸æœªæ¥å‘å±•,https://www.douban.com/people/212377335/
102,https://www.douban.com/group/topic/193764688/,å»ºç­‘ä»ä¸šè€…,https://www.douban.com/people/flyingluna/
103,https://www.douban.com/group/topic/195312140/,æƒ³é—®é—®æœ‰æ²¡æœ‰ä»å›½å¤–å›å›½å·¥ä½œçš„å§å¦¹ï¼Œäº¤æµä¸€ä¸‹å›å›½åçš„é€‚åº”æœŸè¯¥å¦‚ä½•åº¦è¿‡ï¼Œå¦‚ä½•è°ƒæ•´å¿ƒæ€,https://www.douban.com/people/202354726/
104,https://www.douban.com/group/topic/199476975/,ç»„é‡Œæœ‰å…¨èŒå¤ªå¤ªé‡å›èŒåœºçš„å—,https://www.douban.com/people/seaswallowed/
105,https://www.douban.com/group/topic/200019382/,èŒåœºå‘å±•ï½œnew grad å…¥èŒä¸‰ä¸ªæœˆï¼Œè½¬ä¸è½¬ç»„ï¼Ÿ,https://www.douban.com/people/194791234/
106,https://www.douban.com/group/topic/200259195/,ã€ä¹¦å‘†ç³»åˆ—ã€‘ä¹‹ã€ä»é¢è¯•å®˜è§’åº¦è°ˆé¢è¯•å¿ƒæ€ã€‘,https://www.douban.com/people/164561784/
107,https://www.douban.com/group/topic/199881398/,èŒåœºå‘å±• | æ±‚é—®æœ‰æ²¡æœ‰åœ¨AIé¢†åŸŸä»äº‹æŠ€æœ¯ç›¸å…³å·¥ä½œçš„å§å¦¹å‘€,https://www.douban.com/people/174930678/
108,https://www.douban.com/group/topic/199415470/,"FANG éTech, Programme Manager åæ ‡ä¼¦æ•¦",https://www.douban.com/people/12234033/
109,https://www.douban.com/group/topic/200192819/,ç¼–æ•°æ®ç›´æ¥ç»™æˆ‘ç¼–å“­äº†,https://www.douban.com/people/36987477/
110,https://www.douban.com/group/topic/200085379/,è½¯ä»¶å·¥ç¨‹å¤§å­¦æœŸé—´æ²¡æœ‰åšè¿‡ä»€ä¹ˆé¡¹ç›®ï¼Œè¯·é—®å¤§å®¶æ˜¯è¦è‡ªå·±å…ˆå­¦ä¹ ä¸€æ®µæ—¶é—´åšåšé¡¹ç›®è¿˜æ˜¯ç›´æ¥æ‰¾å·¥ä½œå‘¢ï¼Ÿ,https://www.douban.com/people/201279993/
111,https://www.douban.com/group/topic/200072297/,è¯·é—®æœ‰äººéœ€è¦software engineerçš„æ¨¡æ‹Ÿé¢è¯•å—ï¼Ÿ,https://www.douban.com/people/110106773/
112,https://www.douban.com/group/topic/200153675/,ä¼ä¸šç¤¾ä¼šè´£ä»»æ„Ÿå’Œè‡ªæˆ‘ä»·å€¼,https://www.douban.com/people/41372879/
113,https://www.douban.com/group/topic/197131673/,å…³äºå¤§é¾„å•†ç§‘è½¬BA/è¿è¥æ–¹å‘æ±‚èŒçš„å›°æƒ‘,https://www.douban.com/people/8607877/
114,https://www.douban.com/group/topic/200097244/,ã€å­¦ä¹ åˆ†äº«ã€‘å¯¹äºåˆå…¥èŒåœºæœ‰å¸®åŠ©çš„ä¹¦ç±ï¼ˆéæŠ€æœ¯ç±»ï¼‰,https://www.douban.com/people/194072229/
115,https://www.douban.com/group/topic/194165625/,åœ¨å›½å†…äº’è”ç½‘æ¬ç –çš„è·¯è¿‡,https://www.douban.com/people/149094506/
116,https://www.douban.com/group/topic/199081744/,å§å¦¹ä»¬è§‰å¾—å¼€å‘å’Œå®‰å…¨å“ªä¸€ä¸ªæ–¹å‘å‘å±•æ½œåŠ›æ›´å¤§å‘¢ï¼Ÿ,https://www.douban.com/people/196133347/
117,https://www.douban.com/group/topic/195594386/,ã€ä¸ªäººå‘å±•ã€‘è½¬ç åˆå­¦è€…å­¦ä¹ å°ç»„,https://www.douban.com/people/63450993/
118,https://www.douban.com/group/topic/198913214/,ç¾æœ¬å¤§ä¸‰ æƒ³é—®ä¸‹å¤§å®¶æ‰¾åˆ°ç¬¬ä¸€ä»½å®ä¹ çš„è¿‡ç¨‹,https://www.douban.com/people/149029431/
119,https://www.douban.com/group/topic/199927184/,æ¯äº²çš„çˆ¶æ¯ä¸æ˜¯ç›´ç³»è¡€äº²ï¼Œæˆ‘ä¸Šå‘¨å§¥çˆ·å»ä¸–ï¼Œè¯·ä¸‰å¤©ä¸§å®¶æœ€åè¦ç»™æˆ‘ç®—äº‹å‡ï¼Œå°±æ˜¯å› ä¸ºæˆ‘å¸å§¥å§¥å§¥çˆ·ä¸ç®—ç›´ç³»ï¼Œå…³é”®æ˜¯ä¹Ÿä¸€ç›´è¿œç¨‹åŠå…¬ï¼Œä¸æ¯«æ²¡è€½è¯¯å•Š,https://www.douban.com/people/212726843/
120,https://www.douban.com/group/topic/199898154/,è®¨è®ºä¸‹å†…éƒ¨æ¢ç»„,https://www.douban.com/people/195003419/
121,https://www.douban.com/group/topic/199918020/,ä¹¦å‘†ç³»åˆ—5 è°ˆè°ˆåˆä½œå’Œå…±èµ¢,https://www.douban.com/people/164561784/
122,https://www.douban.com/group/topic/199863991/,è¯·é—®åšDSçš„å§å¦¹ä»¬éœ€è¦åšé¡¹ç›®ç®¡ç†å—,https://www.douban.com/people/18116623/
123,https://www.douban.com/group/topic/198792494/,Australia Global Talent Programè¿™ä¸ªé¡¹ç›®æœ‰äººçŸ¥é“å— ,https://www.douban.com/people/194559170/
124,https://www.douban.com/group/topic/199837737/,å¯¹ç¾ä¸½ä¸­å›½æ”¯æ•™çš„çœ‹æ³•,https://www.douban.com/people/virus9/
125,https://www.douban.com/group/topic/199142204/,æ²¡æœ‰å®åŠ›ä¹Ÿæ²¡æœ‰è‡ªä¿¡ è§‰å¾—è‡ªå·±æ˜¯åŒäº‹ä¸­çš„èœé¸¡ éšæ—¶ä¼šè¢«å¼€æ‰,https://www.douban.com/people/210528304/
126,https://www.douban.com/group/topic/193565559/,è€ƒdata science certificateæœ‰ç”¨å—ï¼Ÿ,https://www.douban.com/people/63351658/
127,https://www.douban.com/group/topic/194519715/,å›½å†…äº’è”ç½‘å¥³ç¨‹åºå‘˜å¸¸è§å›°æƒ‘ | å¹¿å¾å§å¦¹åˆ†äº«ç»éªŒ,https://www.douban.com/people/149094506/
128,https://www.douban.com/group/topic/199305421/,è¹²ä¸€ä¸ªåˆ¶ä½œç®€å†çš„å·¥å…·,https://www.douban.com/people/162541348/
129,https://www.douban.com/group/topic/199727792/,è¯·æ•™å…³äºCSçš„tracké€‰æ‹©,https://www.douban.com/people/179641549/
130,https://www.douban.com/group/topic/199029712/,BA New Gradå¯¹äºcareer pathçš„ç–‘æƒ‘,https://www.douban.com/people/101545327/
131,https://www.douban.com/group/topic/196944241/,AMA-é›¨æ— - æ¬§æ´² - çº¯å•†ç§‘è½¬BA,https://www.douban.com/people/smilefish0119/
132,https://www.douban.com/group/topic/199558347/,offeré€‰æ‹©,https://www.douban.com/people/54371092/
133,https://www.douban.com/group/topic/199632202/,ç–«æƒ…æœŸé—´æ‰¾å·¥ä½œåº”è¯¥è°ˆè–ªæ°´å—ï¼Ÿ,https://www.douban.com/people/olia_lee/
134,https://www.douban.com/group/topic/194188145/,ã€è‡ªèã€‘æ ä¸Šå¼€èŠ±podcast--åˆ†äº«ç•™å­¦ç¾å›½åˆ°èŒåœºå‡çº§çš„æ’­å®¢	,https://www.douban.com/people/34525231/
135,https://www.douban.com/group/topic/199668171/,è¯·æ•™ä¸€ä¸‹å§å¦¹ä»¬æœ‰å…³OPTçš„é—®é¢˜,https://www.douban.com/people/151232146/
136,https://www.douban.com/group/topic/199395551/,æé—®/è®¨è®º: è¿›å…¥å…¬å¸ä¹‹åçš„å¯¹äºåresearchå†…å®¹çš„å­¦ä¹ ,https://www.douban.com/people/wanderlust_wei/
137,https://www.douban.com/group/topic/198277633/,å…³äºæˆ‘æ‹¿åˆ°æ—¥æœ¬äºšéº»SDEå®ä¹ çš„timeline,https://www.douban.com/people/indexalice/
138,https://www.douban.com/group/topic/196877550/,é™¤äº†è‹±å›½å’Œçˆ±å°”å…°ä¹‹å¤–æ¬§æ´²è¿˜æœ‰æ²¡æœ‰å›½å®¶æ¥æ”¶è½¬ä¸“ä¸šäººå£«çš„ç¡•å£«é¡¹ç›®?,https://www.douban.com/people/129192244/
139,https://www.douban.com/group/topic/198273979/,UCLAçš„data science certificate programè®¤å¯åº¦æ€ä¹ˆæ ·ï¼Ÿ,https://www.douban.com/people/92622391/
140,https://www.douban.com/group/topic/199678804/,æ±‚èŒé¢è¯•ï¼Œæœ‰æ²¡æœ‰äººçŸ¥é“æ·±åœ³ç’Ÿéƒ½ç§‘æŠ€å‘€,https://www.douban.com/people/165245190/
141,https://www.douban.com/group/topic/198931294/,C++ group,https://www.douban.com/people/204994891/
142,https://www.douban.com/group/topic/198777817/,è¯¥ä¸è¯¥ç”¨è‡ªå·±å…¨éƒ¨çš„ç§¯è“„å»è½¬ç ,https://www.douban.com/people/148196296/
143,https://www.douban.com/group/topic/197504784/,å›½å†…å•†ç§‘æœ¬ | 20Fall defer å…š | Quant/DS/BAæ–¹å‘æ±‚å»ºè®®,https://www.douban.com/people/154835162/
144,https://www.douban.com/group/topic/199651349/,å…¶ä»–ï½œå¤§å®¶èƒ½å»ç•™è¨€åå¯¹ä¸€ä¸‹DOL/DHS å…³äºH1Bçš„æ–°è§„å—ï¼Ÿæ•‘æ•‘NGçš„å·¥ä½œæœºä¼šï¼,https://www.douban.com/people/196043001/
145,https://www.douban.com/group/topic/199288463/,æ˜¯æˆ‘ä¸ªäººé—®é¢˜ï¼Œè¿˜æ˜¯å¤§ç¯å¢ƒä¸å‹å¥½ï¼Œä»Šå¤©æ”¶åˆ°äº†h1bæ‰“å‡»....,https://www.douban.com/people/63224878/
146,https://www.douban.com/group/topic/199289249/,æœ‰biostatsçš„å‰è¾ˆå˜›ï¼Ÿ,https://www.douban.com/people/154510776/
147,https://www.douban.com/group/topic/199043664/,è¯·é—®æœ‰ä»€ä¹ˆbiotechå…¬å¸æ˜¯ngå¯æŠ•çš„å—?,https://www.douban.com/people/shousuke/
148,https://www.douban.com/group/topic/199371780/,å›½å†…é¡¹ç›®ç»ç†ï¼Œæ–‡ç§‘èƒŒæ™¯ï¼Œå‰è·¯è¿·èŒ«ï¼Œå¯ä»¥ç»™ç‚¹å»ºè®®å—ï¼Ÿ,https://www.douban.com/people/185020061/
149,https://www.douban.com/group/topic/197329348/,ç»™å¤§å®¶æ¨èä¸€ä¸ªnetworking ç½‘ç«™ lunchclub,https://www.douban.com/people/182319776/
150,https://www.douban.com/group/topic/196585388/,æ›´æ–°â€”â€”æ±‚é—®æ’åè¾ƒä½math phdèŒä¸šå‘å±•å»ºè®®,https://www.douban.com/people/64108208/
151,https://www.douban.com/group/topic/199160472/,FANGèµ„æ·±æ¬ç –å·¥,https://www.douban.com/people/caomuyq/
152,https://www.douban.com/group/topic/199313809/,æ–‡ç†å­¦é™¢å¤§å››åœ¨è¯»ï¼ˆincoming å››å¤§erï¼‰,https://www.douban.com/people/196043001/
153,https://www.douban.com/group/topic/198760922/,åŒéä¸€æœ¬å•†ç§‘å¦‚ä½•å‡ºå›½è½¬ç ,https://www.douban.com/people/213448307/
154,https://www.douban.com/group/topic/198037888/,ğŸå›½æ‰¾co-opå·¥ä½œå¥½è¿·èŒ«,https://www.douban.com/people/200760058/
155,https://www.douban.com/group/topic/194796206/,æŠ€æœ¯ç±»Recruiter@æŸ965å¤§å‚,https://www.douban.com/people/190909121/
156,https://www.douban.com/group/topic/198789083/,ç»Ÿè®¡ç”µå½±åŒä¸“ä¸šçš„æœªæ¥å‘å±•,https://www.douban.com/people/157456623/
157,https://www.douban.com/group/topic/197321666/,å¤§å®¶ä¸ºä»€ä¹ˆä¼šè½¬cs,https://www.douban.com/people/162330922/
158,https://www.douban.com/group/topic/198789394/,"NYC HF Quant PM/trader, AMA",https://www.douban.com/people/88555199/
159,https://www.douban.com/group/topic/199240344/,æ–°äººå¹´ç»ˆæ±‡æŠ¥æ±‚æŒ‡ç‚¹,https://www.douban.com/people/183904525/
160,https://www.douban.com/group/topic/196461314/,FAANGï¼Œåæ ‡æ³•å›½ï¼ŒåŠæŠ€æœ¯èŒä½ï¼Œäº‘ç›¸å…³,https://www.douban.com/people/bluetassel/
161,https://www.douban.com/group/topic/199076084/,åœ¨èŒæƒ³æ¢å·¥ä½œ è¿·èŒ«ç„¦è™‘ä¸­,https://www.douban.com/people/217550047/
162,https://www.douban.com/group/topic/199076828/,å»ºç­‘å‡†å¤‡å‡ºå›½è½¬ä¸“ä¸šè½¬ç ï¼Œè¯·é—®ä»¥ç•™ä¸‹å·¥ä½œä¸ºç›®çš„ï¼Œç¾åŠ æ¾³ç”³è¯·å“ªé‡Œä¼šå¥½ä¸€ç‚¹å‘€,https://www.douban.com/people/140522768/
163,https://www.douban.com/group/topic/199190606/,ç”Ÿç‰©ä¸“ä¸šä»¥åæƒ³è½¬è¡ŒåšSDEæœ‰å¿…è¦åˆ·ç»©ç‚¹ä¹ˆ,https://www.douban.com/people/flustar/
164,https://www.douban.com/group/topic/199033736/,åŒéæœ¬ç¡•ç”³é¦™æ¸¯åšå£«,https://www.douban.com/people/185462745/
165,https://www.douban.com/group/topic/199245511/,Javaå¼€å‘offeræ±‚å»ºè®®,https://www.douban.com/people/175761406/
166,https://www.douban.com/group/topic/198465517/,å°é—®å·ï½œå¤§å®¶å…³å¿ƒçš„ä¸»é¢˜ï¼ˆUX/ç•™å­¦/å·¥ä½œï¼‰,https://www.douban.com/people/166705121/
167,https://www.douban.com/group/topic/198985543/,é€šä¿¡ä¸“ä¸šç ”ç©¶ç”Ÿè½¬information system,https://www.douban.com/people/203901925/
168,https://www.douban.com/group/topic/199162284/,æœ¬ç§‘ç”Ÿä¸“ä¸šé€‰æ‹©é—®é¢˜,https://www.douban.com/people/93878706/
169,https://www.douban.com/group/topic/199192873/,æ‹’ç»hustle cultureæ˜¯æœ‰å¯èƒ½çš„å—,https://www.douban.com/people/213479772/
170,https://www.douban.com/group/topic/199041757/,è¯·é—®æœ‰æ— å§å¦¹äº†è§£digital humanitiesä¸“ä¸šå‘¢,https://www.douban.com/people/185614857/
171,https://www.douban.com/group/topic/198502776/,å¤§å®¶è§‰å¾—ç¼–ç¨‹åŸ¹è®­ç­å€¼å¾—æŠ¥å—ï¼Ÿä»€ä¹ˆæ‰æ˜¯æ­£ç¡®çš„æˆé•¿æ–¹å¼å‘¢ï¼Ÿ,https://www.douban.com/people/218797760/
172,https://www.douban.com/group/topic/199129590/,åœŸåšå¦‚ä½•æ‰¾å›½å¤–ï¼ˆç¾åŠ æ¾³åŒ—æ¬§ï¼‰çš„å·¥ä½œ,https://www.douban.com/people/181842714/
173,https://www.douban.com/group/topic/199044097/,ä¼¸æ‰‹tableauæå‡çš„è¯¾ç¨‹,https://www.douban.com/people/59179466/
174,https://www.douban.com/group/topic/198924293/,èŠèŠç¤¾æå¦‚ä½•æé«˜è‹±è¯­,https://www.douban.com/people/babytalking/
175,https://www.douban.com/group/topic/198602856/,æ¸¸æˆè¡Œä¸šçš„å§å¦¹æ¥äº’æ¢ä¸‹å……ç”µçš„ä¿¡æ¯æºå§ï¼Ÿ,https://www.douban.com/people/dourface/
176,https://www.douban.com/group/topic/199089625/,å¯å¸®å¿™å†…æ¨å›½å†…PayPalçš„å…¨èŒ,https://www.douban.com/people/jpq1130/
177,https://www.douban.com/group/topic/199028126/,æ±‚åŠ© å¦‚ä½•æ¨è¾/ç³Šå¼„ç»™è‡ªå·±æ‰¾åˆ°ç°åœ¨å…¬å¸çš„recruiterä¸€ç›´å‘è‡ªå·±å¥—è¯ï¼Ÿ,https://www.douban.com/people/adaadaada/
178,https://www.douban.com/group/topic/198102036/,å…³æ³¨ä¸šåŠ¡æœ¬èº«â€”å…³äºç»„å†…æé—®çš„ä¸€ç‚¹ç‚¹æ€è€ƒ,https://www.douban.com/people/59179466/
179,https://www.douban.com/group/topic/196660205/,é—²èŠ | æƒ³çŸ¥é“å¤§å®¶çš„åŠ¨åŠ›æºæ³‰ï¼,https://www.douban.com/people/223225938/
180,https://www.douban.com/group/topic/199002538/,é¢è¯•å®˜é—®æˆ‘ä½ æ€ä¹ˆåˆ¤æ–­æŒ‡æ ‡æ˜¯å¦å¼‚å¸¸,https://www.douban.com/people/59179466/
181,https://www.douban.com/group/topic/194046009/,ç»„é•¿å¾æ±‚æ„è§ï¼šå¯¹åŠ å…¥ç»„çš„ç”·åŒå­¦ä»¬è¯¥æ€ä¹ˆåŠ,https://www.douban.com/people/63351658/
182,https://www.douban.com/group/topic/199006393/,æƒ³å’¨è¯¢å§å¦¹ä»¬é—®é¢˜ï¼Œæ‹œæ‰˜å¤§å®¶å¸®æˆ‘çœ‹çœ‹ï¼ï¼,https://www.douban.com/people/74028441/
183,https://www.douban.com/group/topic/198875165/,å¼€ä¸ªå¸–å­ç»™æ±½è½¦è¡Œä¸šä»ä¸šè€…ï¼Œä¸€èµ·è®¨è®ºä¸€ä¸‹ä¾‹å¦‚æ±½è½¦è¡Œä¸šçš„èŒä¸šå‘å±•,https://www.douban.com/people/sowiesopilz/
184,https://www.douban.com/group/topic/199016108/,New gradæœ€åä¸€è½®HRé¢è¯•è¦æ€ä¹ˆå‡†å¤‡,https://www.douban.com/people/53391988/
185,https://www.douban.com/group/topic/195325662/,å»ºç­‘è½¬ç  fintech startup SDE åŒ—æ¬§åŒ—ç¾ä¸­å›½å·¥ä½œç»éªŒ ask me anything,https://www.douban.com/people/adonais/
186,https://www.douban.com/group/topic/199008210/,è¯·é—®æ€ä¹ˆæ‰èƒ½æé«˜æ‰‹æ’•ä»£ç çš„èƒ½åŠ›å•Š,https://www.douban.com/people/41241304/
187,https://www.douban.com/group/topic/198924063/,å­¦ä¹ ä¸­ç¾äºæé—®æ€ä¹ˆå…‹æœğŸ˜¢,https://www.douban.com/people/131262151/
188,https://www.douban.com/group/topic/198912709/,æˆ–è®¸æœ‰æ²¡æœ‰å°ä¼™ä¼´æƒ³ç»ƒè‹±è¯­ æˆ–è€…æœ‰ä»€ä¹ˆå¥½çš„ç»ƒå£è¯­çš„æ¸ é“,https://www.douban.com/people/189249703/
189,https://www.douban.com/group/topic/198891901/,é—²èŠ | å¤§å®¶éƒ½æ˜¯æ€ä¹ˆç†¬è¿‡è¯•ç”¨æœŸçš„,https://www.douban.com/people/223225938/
190,https://www.douban.com/group/topic/198780615/,èŒä¸šé€‰æ‹©æ–¹å‘ï¼Œç”Ÿç‰©ç‹—è½¬é‡‘èæ°‘å·¥æˆ–è€…996æ‰“å·¥äººğŸ‘·â€â™€ï¸,https://www.douban.com/people/172607985/
191,https://www.douban.com/group/topic/197260768/,CS åˆ·é¢˜åˆ†äº«ä¸€ç¯‡åˆ«äººå†™çš„å¿ƒå¾— blog,https://www.douban.com/people/48646659/
192,https://www.douban.com/group/topic/198965197/,IEEEå›½é™…å¥³å·¥ç¨‹å¸ˆé¢†å¯¼åŠ›ä¼šè®®å¾é›†speaker,https://www.douban.com/people/134364958/
193,https://www.douban.com/group/topic/196510892/,è‹±æœ¬çº¯ç»Ÿè®¡åœ¨è¯»ï¼Œæ¯å¤©éƒ½æ„Ÿè§‰è¦è¢«åºŸç‰©å›æ”¶,https://www.douban.com/people/214924642/
194,https://www.douban.com/group/topic/196542381/,è¢«å¤§å®¶å¹æ§çš„CSçœŸçš„æ˜¯ä¸€ä¸ªäººäººéƒ½å¯ä»¥å­¦çš„å­¦ç§‘å—ï¼Ÿ,https://www.douban.com/people/70843926/
195,https://www.douban.com/group/topic/196235440/,ME æœ¬->MSE Phd->Semiconductor Customer-facing PE->SDE/DE,https://www.douban.com/people/les-foraman/
196,https://www.douban.com/group/topic/198913609/,è®°å½•æˆ‘çš„è½¬å‹ä¹‹è·¯ï¼ˆæ¯å‘¨æ›´ï¼‰,https://www.douban.com/people/141186204/
197,https://www.douban.com/group/topic/193667817/,ç”ŸåŒ–è¢«å¼€é™¤STEMäº†å—ğŸ¥ºğŸ¥ºğŸ¥º,https://www.douban.com/people/188870250/
198,https://www.douban.com/group/topic/198912486/,ç¾ç¡•21spring gapä¸å¦ï¼Ÿå‡ å­¦æœŸæ¯•ä¸šï¼Ÿç•™ç¾è¿˜æ˜¯å›å›½ï¼Ÿ,https://www.douban.com/people/189249703/
199,https://www.douban.com/group/topic/196833432/,æ€ä¹ˆåœ¨é¢†è‹±æœ‰æ•ˆç¤¾äº¤ï¼ˆé¡ºä¾¿è¹²åŠ æ‹¿å¤§èŒåœºå‰è¾ˆï¼ï¼‰,https://www.douban.com/people/69265705/
200,https://www.douban.com/group/topic/198913723/,åŒ—ç¾ï¼ˆex-ï¼‰DSæ¥èŠèŠä½ ä»¬çš„èŒä¸šè§„åˆ’,https://www.douban.com/people/eveyao/
201,https://www.douban.com/group/topic/198729897/,æƒ³é—®ä¸€ä¸‹å¤§å®¶ç®—æ³•çš„å­¦ä¹ ,https://www.douban.com/people/200910340/
202,https://www.douban.com/group/topic/198770794/,å§å¦¹ä»¬èƒ½æ¥è¯´è¯´ç°åœ¨BA/DAçš„å·¥ä½œå‰æ™¯åˆ°åº•æ€ä¹ˆæ ·å—ï¼Ÿå’ŒDSæ¯”å‘¢ï¼Ÿ,https://www.douban.com/people/131262151/
203,https://www.douban.com/group/topic/194290883/,"buyside quant, AMA",https://www.douban.com/people/54398534/
204,https://www.douban.com/group/topic/198407372/,è´¡çŒ®ä¸€ä¸ªBoston Career Forumçš„AMA,https://www.douban.com/people/BuddhaTree/
205,https://www.douban.com/group/topic/198860612/,ç›®æ ‡è®¾å®šæ˜¯æ€»æ˜¯è¢«è¦æ±‚è®¾å®šé«˜ä¸€ç‚¹çš„ç›®æ ‡æ€ä¹ˆåŠ,https://www.douban.com/people/162083384/
206,https://www.douban.com/group/topic/195500080/,ä¼ åª’ç”Ÿè½¬ç ç•™ç¾çš„å›°æƒ‘,https://www.douban.com/people/70843926/
207,https://www.douban.com/group/topic/198690084/,è¯·é—®è‡ªç”±èŒä¸šèƒ½å‡ºå›½å—ï¼Ÿ,https://www.douban.com/people/8955952/
208,https://www.douban.com/group/topic/197280470/,wfhå¦‚ä½•åˆç†çš„æ‘¸é±¼çš„æŠ€å·§,https://www.douban.com/people/148840053/
209,https://www.douban.com/group/topic/197936157/,æœ‰æ­£åœ¨å‡†å¤‡AWSè®¤è¯çš„å°ä¼™ä¼´å—,https://www.douban.com/people/traumtaenzer/
210,https://www.douban.com/group/topic/198187850/,èŒåœºå‘å±•ï½œè¯·é—®æœ‰å·¥å…·å¯ä»¥æ›´æ•ˆç‡åŒ–åœ°è¿›è¡Œå¤šé¡¹ç›®ç®¡ç†å—ï¼Ÿ,https://www.douban.com/people/51318392/
211,https://www.douban.com/group/topic/193919561/,Product Design AMA ,https://www.douban.com/people/skyofjhy/
212,https://www.douban.com/group/topic/196869326/,æœ‰å§å¦¹äº†è§£æ¸¸æˆæŠ€æœ¯ç¾æœ¯è¿™ä¸ªå²—ä½å—ï¼Ÿ,https://www.douban.com/people/179767674/
213,https://www.douban.com/group/topic/197323160/,å¦‚ä½•å…¥é—¨meditation,https://www.douban.com/people/157068460/
214,https://www.douban.com/group/topic/197980371/,ä»€ä¹ˆæ—¶å€™ç”Ÿå­©å­å¯¹äº‹ä¸šå½±å“æœ€å°å‘¢ï¼Ÿ,https://www.douban.com/people/190000692/
215,https://www.douban.com/group/topic/198608212/,ML/ç®—æ³•/æ¨¡å‹å¯¹DAç±»å²—ä½çš„å¿…è¦æ€§è®¨è®º,https://www.douban.com/people/59179466/
216,https://www.douban.com/group/topic/198284402/,ä¸ªäººå‘å±• | å…¬å¸è¦æ±‚åšå¤§é‡çš„online learningï¼Œæˆ‘è¯¥å¦‚ä½•åº”å¯¹,https://www.douban.com/people/143252901/
217,https://www.douban.com/group/topic/198608566/,é¢è¯•çš„æ—¶å€™å¯ä»¥å’Œç”·VPè¯´æˆ‘å¾ˆæ¬£èµå…¬å¸çš„gender balanceæ”¿ç­–å—,https://www.douban.com/people/53391988/
218,https://www.douban.com/group/topic/194306149/,æé«˜LinkedIn Profileè´¨é‡ï¼Œè®©recruiterå’ŒHRä¸»åŠ¨ä¸Šé—¨,https://www.douban.com/people/yun5s/
219,https://www.douban.com/group/topic/198431514/,é—²èŠï½œå¤§å®¶éƒ½æ˜¯æ€ä¹ˆè¯´æœçˆ¶æ¯å¾…åœ¨å›½å¤–å·¥ä½œçš„ï¼Ÿ,https://www.douban.com/people/137217624/
220,https://www.douban.com/group/topic/198431954/,æ±‚å»ºè®® ä¸è¯»Masterå¦‚ä½•è½¬ç ï¼Ÿ,https://www.douban.com/people/68794235/
221,https://www.douban.com/group/topic/196694121/,æ¨èæƒ³æ‰¾æŠ•è¡ŒQuantå®ä¹ çš„PhDå¥³ç”Ÿç”³è¯·Morgan Stanleyè¿™ä¸ªé¡¹ç›®,https://www.douban.com/people/50398302/
222,https://www.douban.com/group/topic/197863977/,é—®ä¸€ä¸‹å¤§å®¶å¦‚ä½•åˆ†é…è‡ªå·±çš„ç²¾åŠ›çš„å‘¢ï¼Ÿ,https://www.douban.com/people/63224878/
223,https://www.douban.com/group/topic/198576003/,ç¨‹åºåª›æ±‚åŠ© æ³è¯·å¤§å®¶ç»™ç»™æ„è§,https://www.douban.com/people/205273473/
224,https://www.douban.com/group/topic/198559627/,å¦‚æœæƒ³å¤šå­¦ä¹ ä¸€äº›åŸºç¡€å’Œåº•å±‚çš„çŸ¥è¯†ï¼Œæœ‰ä»€ä¹ˆæ¨èå—ï¼Ÿ,https://www.douban.com/people/moudianzhang/
225,https://www.douban.com/group/topic/197465283/,è¯·é—®22fallè¿˜å»ºè®®ç•™ç¾è¯»CSå—ï¼Ÿ,https://www.douban.com/people/142838246/
226,https://www.douban.com/group/topic/198444842/,å›½å†…å·¥ä½œå…šå†å»ç¾å›½è¯»CS masterè½¬ç å¯è¡Œå—,https://www.douban.com/people/196601809/
227,https://www.douban.com/group/topic/197754179/,æœ‰æœºåŒ–å­¦ç¡•å£«æ¯•ä¸šï¼Œå¯ä»¥æ¨èä¸€äº›ä¸Šæµ·çš„ä¼ä¸šå—ï¼Ÿ,https://www.douban.com/people/219189953/
228,https://www.douban.com/group/topic/198530255/,WFH or Back Office,https://www.douban.com/people/218250302/
229,https://www.douban.com/group/topic/198058236/,ã€ç»„è§„æ›´æ–°ã€‘å–„ç”¨æœç´¢ï¼šå‘æ±‚åŠ©å¸–å‰å¿…çœ‹,https://www.douban.com/people/211283886/
230,https://www.douban.com/group/topic/197914589/,åœ¨æ—¥æœ¬æ¯•ä¸šæ‰¾å·¥ä½œçš„æ¦‚å†µ,https://www.douban.com/people/51318392/
231,https://www.douban.com/group/topic/198188996/,å†™æŠ€æœ¯æ–‡æ¡£çš„æŠ€å·§,https://www.douban.com/people/gardenia22/
232,https://www.douban.com/group/topic/197956977/,è¯¥å»ä»€ä¹ˆåœ°æ–¹å¥½å‘¢ï¼Ÿ,https://www.douban.com/people/222276489/
233,https://www.douban.com/group/topic/198509646/,æœ¬ç§‘ç”Ÿæƒ³å¯»æ±‚ä¸€äº›å§å§ä»¬çš„æ—¶é—´ç®¡ç†çš„æŠ€å·§ğŸ˜¢,https://www.douban.com/people/182361316/
234,https://www.douban.com/group/topic/197580577/,MBBç®¡ç†å’¨è¯¢TMTæ–¹å‘,https://www.douban.com/people/49501478/
235,https://www.douban.com/group/topic/198139976/,é¢è¯•å®˜æ˜¯VPå’ŒGlobal Headï¼Œæ€ä¹ˆæå‡ºå¥½çš„é—®é¢˜,https://www.douban.com/people/53391988/
236,https://www.douban.com/group/topic/197737385/,ç¤¼è²Œæé—®æœ‰å…³å¥³æ€§åœ¨å­¦ä¸š/èŒåœºä¸ŠåŒºåˆ«å¯¹å¾…é—®é¢˜,https://www.douban.com/people/150823479/
237,https://www.douban.com/group/topic/195590041/,é¢è¯•repo: 29å²æ¸¸æˆç¾æœ¯å›å›½æ‰¾å·¥ä½œï¼Œè¿™æ¬¡çš„ä½“éªŒè¿˜å¯ä»¥ã€‚,https://www.douban.com/people/224115455/
238,https://www.douban.com/group/topic/196082346/,é•¿æœŸæä¾›å›¾æ£®æœªæ¥å’Œå­—èŠ‚è·³åŠ¨(å›½å†…orå›½å¤–)çš„å†…æ¨ï¼Œå…¨èŒå®ä¹ çš†å¯,https://www.douban.com/people/ylen/
239,https://www.douban.com/group/topic/194276016/,ä¸Šç­æ—å­¦Distributed Systemï¼Œæ¬¢è¿äº¤æµ,https://www.douban.com/people/145197452/
240,https://www.douban.com/group/topic/198309808/,å¦‚ä½•é¢å¯¹èŒåœºæ ç²¾,https://www.douban.com/people/76136045/
241,https://www.douban.com/group/topic/194304323/,åˆ†äº«ä¸€æ¬¡æˆ‘è¢«ç”·åŒäº‹è¦æ±‚å¸¦æ—©é¤çš„ç»å†...,https://www.douban.com/people/silmarillion/
242,https://www.douban.com/group/topic/197440837/,SQLé¢è¯•é¢˜,https://www.douban.com/people/211210730/
243,https://www.douban.com/group/topic/198181985/,new gradæ‰¾å·¥æ€»æ˜¯é‡åˆ°ä¸match,https://www.douban.com/people/175681850/
244,https://www.douban.com/group/topic/196754016/,æœ‰æ²¡æœ‰åœ¨è·å…°æˆ–è€…æ³•å›½æ•°æ®ç§‘å­¦/ä¼ æ’­å­¦å·²ç»å°±ä¸šçš„ç»„å‘˜ æƒ³å’¨è¯¢å°±ä¸šæƒ…å†µ,https://www.douban.com/people/181884302/
245,https://www.douban.com/group/topic/198266876/,DSåœ¨èŒè·³æ§½è½¬ç§‘æŠ€å…¬å¸æ±‚å»ºè®®,https://www.douban.com/people/135416267/
246,https://www.douban.com/group/topic/197058017/,ä¸ªäººå‘å±• | NGæ¥äº†étechè¡Œä¸šçš„offerå¦‚ä½•è½¬techï¼Ÿ,https://www.douban.com/people/49280259/
247,https://www.douban.com/group/topic/197888423/,ğŸ‡«ğŸ‡·æ³•å›½é«˜å•†GEâ¡ï¸ç•™æ³•å·¥ä½œ å¯è¡Œå—ï¼Ÿæ±‚å»ºè®®æ±‚è§£ç­”,https://www.douban.com/people/149572536/
248,https://www.douban.com/group/topic/197947620/,æ²¡æœ‰ç›¸å…³å®ä¹ ç»å†æ€ä¹ˆåŠ,https://www.douban.com/people/naivebayesian/
249,https://www.douban.com/group/topic/197880057/,å¤§å®¶éƒ½æ˜¯å¦‚ä½•æé«˜è‹±æ–‡å¬è¯´çš„å‘€ï¼Ÿ,https://www.douban.com/people/166825406/
250,https://www.douban.com/group/topic/198205084/,è®¾è®¡å¸ˆæ²Ÿé€šå¥½ç´¯ï¼Œèƒ½ä¸èƒ½è½¬æŠ€æœ¯å²—ä½,https://www.douban.com/people/whitebirdy/
251,https://www.douban.com/group/topic/198182658/,é—²èŠ| ç»„é‡Œé¢æœ‰æ²¡æœ‰å­¦èˆªç©ºèˆªå¤©çš„å§å¦¹,https://www.douban.com/people/42387121/
252,https://www.douban.com/group/topic/198188825/,å¤§å®¶ä¸è€ƒè™‘ä¹ŸåƒWomen in Academiaé‚£æ ·æä¸ªslackç¾¤èŠå—,https://www.douban.com/people/117937386/
253,https://www.douban.com/group/topic/198060782/,å†…æ¨Mobile Developer iOS/Android / Cè½® AI healthcare startup /åæ ‡çº½çº¦,https://www.douban.com/people/199989973/
254,https://www.douban.com/group/topic/198302546/,ç¾ç¡•BAè¿˜å€¼å¾—ç”³è¯·å—,https://www.douban.com/people/181127999/
255,https://www.douban.com/group/topic/197971680/,å›½å†…è®¡ç®—æœºç ”ç©¶ç”Ÿåœ¨è¯»ï¼Œè¯¥å¦‚ä½•é€‰æ‹©å·¥ä½œæ–¹å‘å‘¢,https://www.douban.com/people/199792721/
256,https://www.douban.com/group/topic/198157979/,"ï¼ˆå·²è§£å†³ï¼Œæœ‰æ›´æ–°æ¨èè€å¸ˆï¼‰è·¨ä¸“ä¸šè€ƒcs,åœ¨çœ‹ä»£ç é¢˜çš„æ—¶å€™æƒ³è¦å¥½å¥½ç†è§£ï¼Œè¯·é—®å¤§å®¶å¦‚ä½•åœ¨visual studio2019ä¸Šé€è¡Œè°ƒè¯•ä»£ç ï¼Ÿ",https://www.douban.com/people/143154807/
257,https://www.douban.com/group/topic/197402056/,äº§å“ç»ç†å¥½è·³æ§½å—,https://www.douban.com/people/54371092/
258,https://www.douban.com/group/topic/197418547/,é—²èŠï½œæ¨èä¸¤ä¸ªå¿™èµ·æ¥ä¸æƒ³åŠ¨è„‘åšé¥­çš„åº”ç”¨,https://www.douban.com/people/220198229/
259,https://www.douban.com/group/topic/197878559/,æ±‚å»ºè®®ï¼Œåˆšåˆšæ”¶åˆ°google sde internçš„é¢è¯•é‚€è¯·ğŸ§ğŸ»â€â™€ï¸,https://www.douban.com/people/162836546/
260,https://www.douban.com/group/topic/197505307/,985æ–‡ç§‘å·¥ä½œ2å¹´çš„äº§å“ç»ç†æ±‚å‡ºå›½å»ºè®®,https://www.douban.com/people/149736587/
261,https://www.douban.com/group/topic/198169642/,æ¨èä¿¡é¢†å¯¼èŒä½è¶Šé«˜è¶Šå¥½å—ï¼Ÿ,https://www.douban.com/people/156297053/
262,https://www.douban.com/group/topic/196496277/,ä¸ªäººå‘å±•|åŒ»ç–—è¡Œä¸š,https://www.douban.com/people/148243829/
263,https://www.douban.com/group/topic/197816591/,å›½å†…å¤´éƒ¨äº’è”ç½‘å…¬å¸BDçš„çº ç»“,https://www.douban.com/people/192607035/
264,https://www.douban.com/group/topic/197699277/,å¯ä»¥é—®ä¸€ä¸‹åŒ—ç¾cs phdæ¯•ä¸šçš„å§å¦¹ä»¬çš„èŒä¸šå‘å±•è·¯å¾„ä¹ˆï¼Ÿéƒ½èƒ½å¹²ä»€ä¹ˆå•Šï¼Ÿæ˜¯ç•™åŒ—ç¾çš„å¤šè¿˜æ˜¯å›å›½çš„å¤šå•Šï¼Ÿå»å…¬å¸çš„å¤šè¿˜æ˜¯æ‰¾æ•™èŒçš„å¤šå•Šï¼Ÿ,https://www.douban.com/people/131835037/
265,https://www.douban.com/group/topic/196453673/,æœ‰æ²¡æœ‰æ–°åŠ å¡çš„å§å¦¹ï¼Œæƒ³å»æ–°åŠ å¡è¯»ç ”,https://www.douban.com/people/149594237/
266,https://www.douban.com/group/topic/198122495/,ç»„å†…æœ‰æ²¡æœ‰å§å¦¹æ˜¯åšç½‘å®‰è¿™ä¸€å—çš„å‘€,https://www.douban.com/people/naivebayesian/
267,https://www.douban.com/group/topic/198116564/,å‘é€give feedback invitation ç»™åˆ«ç»„åŒäº‹ä¹‹å‰ï¼Œéœ€è¦å…ˆå‘é‚®ä»¶é—®é—®å¥¹æ„¿ä¸æ„¿å†™å—,https://www.douban.com/people/148840053/
268,https://www.douban.com/group/topic/198115425/,ã€å²—ä½æ¬è¿ã€‘è”šæ¥æ±½è½¦ æ•°æ®åˆ†æå¸ˆ ç”¨æˆ·æ•°å­—äº§å“ï¼ˆä¸Šæµ·å²—ï¼‰,https://www.douban.com/people/190695573/
269,https://www.douban.com/group/topic/198097920/,æœ‰äººäº†è§£gracehopperè¿™ä¸ªåŸ¹è®­æœºæ„ä¹ˆ,https://www.douban.com/people/emily141/
270,https://www.douban.com/group/topic/196730540/,æ±‚ä¸€äº›å…³äºHCIç•™å­¦å’Œè·‘è·¯çš„å»ºè®®,https://www.douban.com/people/155619927/
271,https://www.douban.com/group/topic/198046218/,AMA åŒ—ç¾PhDæ¯•ä¸šï¼Œå¤§å‚ç§‘å­¦å®¶ï¼Œå®¶æœ‰åŠå²å°å¨ƒ,https://www.douban.com/people/3000190/
272,https://www.douban.com/group/topic/198055595/,è¯·é—®ç»„å†…æœ‰å§å¦¹ä¼šå¼€å‘appå—ï¼Ÿ,https://www.douban.com/people/53938051/
273,https://www.douban.com/group/topic/196794590/,è‹±åšEEåœ¨è¯»ï¼Œæœ‰å¿…è¦åšinternshipå—,https://www.douban.com/people/102903760/
274,https://www.douban.com/group/topic/196218184/,æœ‰æ²¡æœ‰è®¨è®ºå›½å†…æ— ç»éªŒè½¬ç çš„æœ‹å‹ï¼Ÿ,https://www.douban.com/people/63507804/
275,https://www.douban.com/group/topic/193920221/,"Applied Scientist - ç»æµ/BAè½¬DS, MS New Grad - AMA",https://www.douban.com/people/gigiaoao/
276,https://www.douban.com/group/topic/195750471/,è¯·é—®å¤§å®¶æ˜¯æ€ä¹ˆé¢å¯¹sponsorshipè¿™äº‹å„¿çš„ï¼Ÿ,https://www.douban.com/people/63224878/
277,https://www.douban.com/group/topic/197938650/,è½¬ä¸“ä¸šé—®é¢˜ï¼Œé€‰å•¥æ¯”è¾ƒå¥½,https://www.douban.com/people/204351630/
278,https://www.douban.com/group/topic/198056809/,æ–‡ç§‘ç ”ç©¶ç”Ÿæƒ³è‡ªå­¦è½¬ç ï¼Œæ±‚åˆ†äº«ç»éªŒ,https://www.douban.com/people/60158260/
279,https://www.douban.com/group/topic/198012294/,ç”³è¯·csç¡•å£«é€‰ä¸“ä¸šæ–¹å‘ï¼Œæ±‚å»ºè®®,https://www.douban.com/people/90200913/
280,https://www.douban.com/group/topic/197853906/,é—²èŠ ï½œ å¤§å®¶æœ€è¿‘éƒ½åœ¨åšä»€ä¹ˆè¿åŠ¨,https://www.douban.com/people/148597747/
281,https://www.douban.com/group/topic/197641879/,æœ‰åœ¨å›½å†…å°åˆ›ä¸šå…¬å¸å·¥ä½œçš„å§å¦¹å—,https://www.douban.com/people/199109920/
282,https://www.douban.com/group/topic/197911559/,ç»™managerå†™feedbackæœ‰ä»€ä¹ˆè¦æ³¨æ„çš„ç‚¹å—,https://www.douban.com/people/148840053/
283,https://www.douban.com/group/topic/195508484/,ByteDancerä¸€æšï¼Œå¦‚æœ‰éœ€è¦æ¬¢è¿å¤§å®¶æ‰¾æˆ‘å†…æ¨é¸­ï¼,https://www.douban.com/people/Litlsherry/
284,https://www.douban.com/group/topic/197908255/,è¯·æ•™å››å¤§risk consultingè½¬teamçš„å»ºè®®,https://www.douban.com/people/35112240/
285,https://www.douban.com/group/topic/196954015/,å¤§å®¶å¯¹tech consultingæ€ä¹ˆçœ‹ æ˜¯å¤•é˜³è¡Œä¸šå—ï¼Ÿ,https://www.douban.com/people/97836408/
286,https://www.douban.com/group/topic/197202163/,ç®¡ç†å’¨è¯¢/management consulting,https://www.douban.com/people/208694484/
287,https://www.douban.com/group/topic/197869885/,å…³äºdiversity hire,https://www.douban.com/people/2829164/
288,https://www.douban.com/group/topic/197867352/,å¦‚ä½•ç¼“è§£å·¥ä½œå‹åŠ›å¸¦æ¥çš„ç„¦è™‘æƒ…ç»ª,https://www.douban.com/people/208914437/
289,https://www.douban.com/group/topic/197935689/,æ–°æ—§èŒä½å¦‚ä½•å–èˆ,https://www.douban.com/people/216617275/
290,https://www.douban.com/group/topic/197702153/,ä»¥å›å›½ä¸ºç›®çš„åº”è¯¥å»å¤§å‚daè¿˜æ˜¯ä¸­å‚dsï¼Ÿ,https://www.douban.com/people/173189377/
291,https://www.douban.com/group/topic/197448419/,è¯·é—®æœ‰åšè¯­éŸ³è¯†åˆ«ASRçš„å§å¦¹ä»¬å—ï¼Ÿä½ ä»¬æ˜¯å¦‚ä½•èµ¶è¶…èº«è¾¹çš„å¤§ä½¬çš„,https://www.douban.com/people/205370628/
292,https://www.douban.com/group/topic/197164872/,ç¾å›½å¤§äºŒcsï¼Œæƒ³è½¬åŠ æ‹¿å¤§äº†,https://www.douban.com/people/124653028/
293,https://www.douban.com/group/topic/197910614/,è¯·é—®æ˜¥å­£ç¾æœ¬è½¬uiuc/osu/pittå­¦æ ¡å¦‚ä½•é€‰æ‹©,https://www.douban.com/people/162675920/
294,https://www.douban.com/group/topic/197821824/,æ€ä¹ˆæ”¹å˜æµ®èºçš„å¿ƒæ€,https://www.douban.com/people/76807626/
295,https://www.douban.com/group/topic/197788743/,è§„åˆ’å’¨è¯¢,https://www.douban.com/people/210133682/
296,https://www.douban.com/group/topic/197708366/,é™¤gmailå¤–å¤§å®¶æ¨èä»€ä¹ˆé‚®ç®±æœåŠ¡ï¼Ÿï¼ˆä¿¡æ¯å®‰å…¨ï¼‰,https://www.douban.com/people/adaadaada/
297,https://www.douban.com/group/topic/197726919/,å•†ç§‘èƒŒæ™¯åŒ—ç¾å¤§ä¸­å‹ç§‘æŠ€å…¬å¸å·¥ä½œ6å¹´ï¼Œé™·å…¥èŒä¸šç“¶é¢ˆï¼Œåæ§½åŠ ä¸€äº›æ•™è®­,https://www.douban.com/people/54316749/
298,https://www.douban.com/group/topic/197666098/,ç¾æœ¬å¤§ä¸‰...ä½gpaæ€ä¹ˆåŠğŸ˜­,https://www.douban.com/people/149364108/
299,https://www.douban.com/group/topic/195312995/,æœ‰æ²¡æœ‰é è°±çš„èµ„åŠ©è´«å›°å¥³æ€§çš„æ…ˆå–„é¡¹ç›®ï¼Ÿ,https://www.douban.com/people/160412134/
300,https://www.douban.com/group/topic/197308282/,å…³äºæå‡python codingæŠ€å·§çš„çœŸè¯šæé—®,https://www.douban.com/people/177835917/
301,https://www.douban.com/group/topic/196834481/,ç¾å›½â€œè¡€æ±—å·¥å‚â€çº¢æ——è½¦é—´ä¸€å¹´çš„å›°æƒ‘å’Œæœªæ¥å‘å±•,https://www.douban.com/people/210972393/
302,https://www.douban.com/group/topic/197729846/,äºŒæœ¬è¯»äº†å¤©å‘ä¸“ä¸šï¼Œå®¶å¢ƒè´«å¯’ï¼Œè€ƒå…¬åªæœ‰ä¸‰ä¸é™ï¼Œæ˜¯è¾¹å·¥ä½œè¾¹åšæŒè€ƒä¸‰ä¸é™ï¼Œè¿˜æ˜¯é€‰æ‹©è·¨ä¸“ä¸šè€ƒç ”ï¼Œä»å¤´å†æ¥å‘¢ï¼Ÿ,https://www.douban.com/people/164354815/
303,https://www.douban.com/group/topic/197309523/,å¤©å‘ä¸“ä¸šæ€ä¹ˆè·‘è·¯åˆ°æ¬§æ´²ï¼Ÿ/è½¬è¡ŒDS,https://www.douban.com/people/179717249/
304,https://www.douban.com/group/topic/197649457/,"èŒåœºä¸Šæœ‰æ²¡æœ‰ä¸€åˆ»æ„Ÿå—åˆ°""åŸæ¥è¿˜å¯ä»¥è¿™æ ·""",https://www.douban.com/people/221707270/
305,https://www.douban.com/group/topic/197692483/,è€æ¿é—®æˆ‘åœ¨å›½å†…WFHå¦‚ä½•ä¿è¯ç½‘ç»œanquan,https://www.douban.com/people/177476948/
306,https://www.douban.com/group/topic/197444409/,ä¸ªäººæ—¶é—´åº”è¯¥ç”¨äºæ¨ªå‘è¿˜æ˜¯çºµå‘æ‹“å±•æŠ€èƒ½å‘¢ï¼Ÿ,https://www.douban.com/people/2839812/
307,https://www.douban.com/group/topic/197665767/,åˆ°åº•è¦ä¸è¦æ¢ç»„+å¦‚ä½•äº‰å–æ›´å¥½çš„review,https://www.douban.com/people/n33t1/
308,https://www.douban.com/group/topic/197577057/,æœ‰æœ€è¿‘éœ€è¦transferæˆ–extend H1Bçš„å§å¦¹ä»¬å—ï¼Ÿ,https://www.douban.com/people/224799238/
309,https://www.douban.com/group/topic/196578764/,æœ‰æ²¡æœ‰new gradçš„å§å¦¹ä»¬ï¼Œæƒ³è¦äº’å…³/äº’ç›¸æ‰“æ°”çš„ã€‚ã€‚,https://www.douban.com/people/graceron/
310,https://www.douban.com/group/topic/197646682/,åæ ‡å›½å†…ï¼Œé¢è¯•å®Œæ˜¯å¦å¯ä»¥ç»™é¢è¯•å®˜å†™ä¿¡è¡¨ç¤ºæ„Ÿè°¢ï¼Ÿ,https://www.douban.com/people/53694986/
311,https://www.douban.com/group/topic/197577188/,åŒ—ç¾CSï½œæ›´é«˜å­¦å†(phd)==>æ›´å¤šè‡ªç”±ï¼Ÿ,https://www.douban.com/people/222016634/
312,https://www.douban.com/group/topic/195674098/,æƒ³é—®å§å¦¹ä»¬æ€ä¹ˆæå‡ç¡çœ è´¨é‡,https://www.douban.com/people/59179466/
313,https://www.douban.com/group/topic/196870135/,æ±‚é—®ä¸€ä¸‹å›½å†…å¥³æ€§ç¨‹åºå‘˜çš„çœŸå®å¤„å¢ƒ,https://www.douban.com/people/132903232/
314,https://www.douban.com/group/topic/195348967/,å…³äºå¤§ç¯å¢ƒå¯¹å¥³æ€§çš„å½±å“,https://www.douban.com/people/51944266/
315,https://www.douban.com/group/topic/193666356/,Chemistry PhD Dropout -> CS Master/SDE,https://www.douban.com/people/zhangzeling/
316,https://www.douban.com/group/topic/197443059/,å¤§å®¶æœ‰æ²¡æœ‰å­¦ä¹ APIçš„æ¯”è¾ƒå¥½çš„èµ„æ–™å‘¢,https://www.douban.com/people/128676941/
317,https://www.douban.com/group/topic/197321842/,"ç»å…¸é—®é¢˜""ä½ ä¸ºä»€ä¹ˆä»ä¸Šå®¶å…¬å¸ç¦»èŒ""æˆ‘çš„å›ç­”æ€è·¯å¯¹ä¸å¯¹",https://www.douban.com/people/58924748/
318,https://www.douban.com/group/topic/197404126/,å’¨è¯¢ | å„ä½Techä»ä¸šå¥³ç”Ÿä»¬æ˜¯å¦‚ä½•ä¿æŠ¤è‡ªå·±çš„ä¿¡æ¯å®‰å…¨çš„ï¼Ÿ,https://www.douban.com/people/224146343/
319,https://www.douban.com/group/topic/197516907/,20å±Šæµ·å½’æ¯•ä¸šå³å¤±ä¸šæ€ä¹ˆåŠ,https://www.douban.com/people/193477331/
320,https://www.douban.com/group/topic/196598388/,æ±‚ä¸€äº›ç•™å­¦ã€è·‘è·¯å‘å±•å»ºè®®ğŸŒŸ,https://www.douban.com/people/157718730/
321,https://www.douban.com/group/topic/197454826/,æƒ³é—®å¤§å®¶å·¥ä½œæ—¶é—´å¦‚ä½•æé«˜è‹±è¯­æ°´å¹³å‘€,https://www.douban.com/people/146994231/
322,https://www.douban.com/group/topic/197544322/,leaderå¾ˆæ‹…å¿ƒæˆ‘çªç„¶é—´ç¦»èŒæ€ä¹ˆåŠ,https://www.douban.com/people/147182152/
323,https://www.douban.com/group/topic/197412649/,å¤§å®¶å…¬å¸çš„åŸ¹è®­ç»è´¹ä¸€èˆ¬æ€ä¹ˆç”¨å‘€,https://www.douban.com/people/144142505/
324,https://www.douban.com/group/topic/197427962/,æ±‚é—®åŒ—ç¾å››å¤§ new gradä¸€èˆ¬å¤šä¹…å›å¤,https://www.douban.com/people/82869972/
325,https://www.douban.com/group/topic/197391695/,å¤§å®¶ä¸‹ç­ä¹‹åä¼šä¸ºäº†èŒåœºå‘å±•å­¦ä¹ å—ï¼Œéƒ½å­¦ä¹ äº›ä»€ä¹ˆå‘€,https://www.douban.com/people/148840053/
326,https://www.douban.com/group/topic/196524466/,ğŸ‰ ğŸ‰ ğŸ‰å°ç»„å…¬å‘Šï¼šåº†ç¥å°ç»„ç ´ä¸‡ + ç»„å†…å‘å±•æ–°è®¡åˆ’ï¼ï¼ï¼,https://www.douban.com/people/63351658/
327,https://www.douban.com/group/topic/197397157/,é—²èŠ | å¯¹æœ‰å€¦æ€ æ„Ÿçš„å·¥ä½œå†™performance review,https://www.douban.com/people/feierhaha/
328,https://www.douban.com/group/topic/195687275/,è¶Šæƒ³è¶Šè§‰å¾—ç¨‹åºå‘˜é«˜è–ªæ˜¯é£å£æ³¡æ²«,https://www.douban.com/people/185842515/
329,https://www.douban.com/group/topic/197092157/,å’¨è¯¢+åæ§½ï½œæœ‰æ²¡æœ‰åštechnical supportçš„å§å¦¹,https://www.douban.com/people/50431558/
330,https://www.douban.com/group/topic/197324196/,æœ‰åœ¨é‡‘èè¡Œä¸šåšPMçš„å§å¦¹å—ï¼Ÿ,https://www.douban.com/people/200249320/
331,https://www.douban.com/group/topic/196326532/,å©šå‰é‰´æ¸£â€”â€”åœ¨é¢è¯•çš„æ—¶å€™äº†è§£æœªæ¥è€æ¿/å…¬å¸ã€ç ´è§£ä»–ä»¬çš„è¯æœ¯ï¼Ÿ,https://www.douban.com/people/180666208/
332,https://www.douban.com/group/topic/197361365/,è¢«æ¯ä¸ªå­£åº¦çš„Kpiæåˆ°æƒ³æ¢ä¸ªå…¬å¸ï¼Œç”šè‡³æƒ³è½¬è¡Œï½SOS,https://www.douban.com/people/180131022/
333,https://www.douban.com/group/topic/193959469/,é—²èŠï½œç–«æƒ…æœŸé—´å¤§å®¶éƒ½æ€ä¹ˆæ ·å‘€,https://www.douban.com/people/154510776/
334,https://www.douban.com/group/topic/195203990/,å›½å†…äº’è”ç½‘å¤§å‚äº§å“ç»ç†ï¼Œå¤§å®¶æœ‰æƒ³é—®çš„æ¬¢è¿å¼€éº¦,https://www.douban.com/people/154232902/
335,https://www.douban.com/group/topic/196603702/,æé—®ï¼šæ±‚å„ä½å§å¦¹WFHçš„ç²¾åŠ›ç®¡ç†/ç”Ÿæ´»ç®¡ç†,https://www.douban.com/people/zeaglog/
336,https://www.douban.com/group/topic/196704348/,ä¸ªäººå‘å±•|æ±‚åŠ©æ•°å­¦ä¸å¥½è¯­è¨€ä¸“ä¸šæ¯•ä¸šçš„æ–‡ç§‘ç”Ÿèƒ½è½¬cså—ï¼Ÿ,https://www.douban.com/people/82876602/
337,https://www.douban.com/group/topic/196627491/,æ±‚æ¨èäº§å“ç»ç†è‡ªå­¦æ–¹é¢ä¹¦ç±ï¼ˆæ¬¢è¿åˆ†äº«PMå·¥ä½œç»éªŒï¼‰,https://www.douban.com/people/Losecontrol/
338,https://www.douban.com/group/topic/194649996/,æé«˜ä¸“ä¸šå†™ä½œæ°´å¹³åˆ†äº«å¸–,https://www.douban.com/people/211896288/
339,https://www.douban.com/group/topic/195063139/,å¤§å®¶æ˜¯å¦‚ä½•å‡†å¤‡é¢è¯•çš„,https://www.douban.com/people/70525574/
340,https://www.douban.com/group/topic/197326403/,å¤§é¢†å¯¼å‘çš„congratulationé‚®ä»¶è¦å›å¤å—,https://www.douban.com/people/148840053/
341,https://www.douban.com/group/topic/197277414/,é—²èŠï½œæ‹¯æ•‘è‚©é¢ˆç–¼å’Œå¤´ç–¼çš„å¥½ç‰©å…±äº«,https://www.douban.com/people/134743651/
342,https://www.douban.com/group/topic/196881090/,æ¯•ä¸šä¸€å¹´uxè®¾è®¡å¸ˆè€ƒè™‘æ˜¯ä¸æ˜¯è½¬è¡Œ,https://www.douban.com/people/8955952/
343,https://www.douban.com/group/topic/197210064/,æœ‰æ²¡æœ‰åœ¨æµåª’ä½“åšå†…å®¹ç®—æ³•ç›¸å…³çš„åŒå­¦å‘¢ï¼Ÿæƒ³è¯·æ•™èŒä¸šå»ºè®®,https://www.douban.com/people/156029879/
344,https://www.douban.com/group/topic/194044976/,AMAï½œåŸå¸‚è§„åˆ’ -> DS -> Deep Learning Engineer,https://www.douban.com/people/162087492/
345,https://www.douban.com/group/topic/197077975/,è·³æ§½é¢è¯•ä¸­æ‹¿åˆ°lyft offerï¼Œæƒ³å¬å¬å·²ç»åœ¨rideshareè¿™ä¸ªè¡Œä¸šçš„è±†å‹çš„å»ºè®®,https://www.douban.com/people/142996504/
346,https://www.douban.com/group/topic/196481814/,ç”µä¿¡æˆ–è€…é€šä¿¡æœ¬ç§‘æ¯•ä¸šå¤§æ¦‚å°±ä¸šæ–¹å‘æ˜¯ä»€ä¹ˆå‘¢,https://www.douban.com/people/205401709/
347,https://www.douban.com/group/topic/197148993/,å®ä¹ offeræ¯”è¾ƒï¼šè…¾è®¯æ¸¸æˆå®¢æˆ·ç«¯vsæ»´æ»´åç«¯,https://www.douban.com/people/212549778/
348,https://www.douban.com/group/topic/196224122/,å›½å†…å¤§å‚â¡ï¸å¤–ä¼è½¯ä»¶å¼€å‘ï¼Œæ„Ÿå…´è¶£çš„å§å¦¹æ¬¢è¿æé—®,https://www.douban.com/people/70277802/
349,https://www.douban.com/group/topic/197169544/,äº§å“å²—æ ¡æ‹›offeræ¯”è¾ƒ,https://www.douban.com/people/84889948/
350,https://www.douban.com/group/topic/197279319/,CSç›¸å…³ä¸“ä¸šåº”è¯¥è¯»ç ”è¿˜æ˜¯ç›´æ¥å·¥ä½œ,https://www.douban.com/people/131363418/
351,https://www.douban.com/group/topic/196752111/,åœ¨å›½å†…åšå‰ç«¯å¼€å‘ï¼Œæƒ³å‡ºå›½ï¼Œæœ‰å¿…è¦è½¬åç«¯å—ï¼Ÿ,https://www.douban.com/people/61720124/
352,https://www.douban.com/group/topic/197197018/,æ€¥ï¼Œçªç„¶è¢«é€šçŸ¥ä¸‰å°æ—¶åé¢è¯•ï¼Œä¸çŸ¥é“æ€æ ·è§£é‡Šä¸ºä»€ä¹ˆç¦»å¼€ä¸Šä¸€å®¶å…¬å¸,https://www.douban.com/people/lacrimosatea/
353,https://www.douban.com/group/topic/197288270/,ã€è½¬ç ã€‘æœ‰å°ä¼™ä¼´ä¸€èµ·å—~,https://www.douban.com/people/QYAny/
354,https://www.douban.com/group/topic/196383675/,æƒ³è·‘ï¼Œå®¶äººå¼ºçƒˆå»ºè®®å›å›½è¯¥å¦‚ä½•åº”å¯¹,https://www.douban.com/people/205851404/
355,https://www.douban.com/group/topic/196447033/,æƒ³è¦ä»å¤šä¼¦å¤šè½¬å›å›½ï¼Œè¯·é—®æœ‰ä»€ä¹ˆå»ºè®®å˜›,https://www.douban.com/people/149617488/
356,https://www.douban.com/group/topic/197172434/,ä¸ªäººå‘å±• | å¦‚ä½•è®©ç”Ÿæ´»é•¿æœŸæœ‰å‘å¿ƒåŠ›/åŠ¨åŠ›/æ´»åŠ›,https://www.douban.com/people/From_Zeros/
357,https://www.douban.com/group/topic/196929736/,å¤§ä¸‰ä¼šè®¡åœ¨è¯»å­¦ç”Ÿçš„è½¬ç è¿·æ€ï¼Œå…³äºç ”ç©¶ç”Ÿé€‰æ‹©æ±‚å§å¦¹å»ºè®®,https://www.douban.com/people/131262151/
358,https://www.douban.com/group/topic/196572634/,UK ç»Ÿè®¡ç»æµå¤§ä¸€è¿·èŒ«ç„¦è™‘,https://www.douban.com/people/148020853/
359,https://www.douban.com/group/topic/197080271/,è¯·ä»äº‹BAç›¸å…³å·¥ä½œçš„å§å¦¹ä»¬è¿›æ¥åæ§½å·¥ä½œä¸Šçš„é—®é¢˜,https://www.douban.com/people/156404023/
360,https://www.douban.com/group/topic/197086107/,å¢¨å¤§å…è´¹çº¿ä¸Šè®²åº§-Can you trust a computer algorithmâ€¦ how and why? ,https://www.douban.com/people/147242705/
361,https://www.douban.com/group/topic/197054859/,ç»§ç»­PhDè¿˜æ˜¯æ¥å—å›½å†…å¤§å‚DA offer,https://www.douban.com/people/170393155/
362,https://www.douban.com/group/topic/197079544/,0äº’è”ç½‘ç»å†ç¢°è¿æ°”æ‹¿åˆ°äº†å›½å†…å¤§å‚äº§åŸ¹offer è¯¥ä¸è¯¥å»å‘¢,https://www.douban.com/people/126398254/
363,https://www.douban.com/group/topic/197068337/,å¾·å›½æœºæ¢°æœ¬ç§‘æ˜å¹´æ¯•ä¸š æƒ³å»è‹±å›½è¯»ç ”,https://www.douban.com/people/50901483/
364,https://www.douban.com/group/topic/196923561/,æœ‰å§å¦¹æ˜¯åšåç«¯å¼€å‘çš„å—ï¼Ÿæ±‚åˆ†äº«ä¸€ä¸‹å­¦ä¹ ç»éªŒ,https://www.douban.com/people/144142505/
365,https://www.douban.com/group/topic/197101501/,Data scienceæœªæ¥å›°æƒ‘,https://www.douban.com/people/197461827/
366,https://www.douban.com/group/topic/196701977/,Step by step æé«˜SDEé¢è¯•è½¯å®åŠ›,https://www.douban.com/people/yun5s/
367,https://www.douban.com/group/topic/196556222/,é—²èŠ | å…³é”®çš„æ˜¯ç›®çš„å•Šå–‚,https://www.douban.com/people/yun5s/
368,https://www.douban.com/group/topic/194977373/,FAANG Product Designerçš„æˆé•¿ç»å†ï¼Œæ¬¢è¿äº¤æµ,https://www.douban.com/people/68642531/
369,https://www.douban.com/group/topic/195552378/,ä»çº¯Science/Artsè½¬è¡Œçš„å„ä½æ˜¯å¦‚ä½•çœ‹å¾…è¿‡å¾€ç»å†çš„,https://www.douban.com/people/43588127/
370,https://www.douban.com/group/topic/197079019/,èŒåœºå°ç™½æƒ³é—®é—®401k,https://www.douban.com/people/sunstroke/
371,https://www.douban.com/group/topic/197021782/,å›½å†…å¤§å››csåœ¨è¯» æ±‚ä¸€äº›æ¯•ä¸šå»ºè®®,https://www.douban.com/people/174454998/
372,https://www.douban.com/group/topic/196611258/,ç”µæ°”å·¥ç¨‹åŠå…¶è‡ªåŠ¨åŒ–å¤§ä¸€ æœ‰ä¸ªé—®é¢˜,https://www.douban.com/people/224605936/
373,https://www.douban.com/group/topic/195354079/,ä½ ä»¬éƒ½æ˜¯ç”¨ä»€ä¹ˆç”µè„‘å•Š,https://www.douban.com/people/95230784/
374,https://www.douban.com/group/topic/193661426/,ä½ é‡åˆ°è¿‡èŒåœºæ­§è§†/éªšæ‰°å—,https://www.douban.com/people/apriliah/
375,https://www.douban.com/group/topic/196939889/,é—²èŠ | ç–«æƒ…ä¸‹æ²¡æœ‰ç¤¾äº¤åœˆå¦‚ä½•æˆ˜èƒœå­¤ç‹¬æ„Ÿ,https://www.douban.com/people/186559720/
376,https://www.douban.com/group/topic/196641581/,è¯·æ•™å§å¦¹ç¤¾ç§‘è½¬å·¥ç§‘çš„ç»éªŒ,https://www.douban.com/people/167157523/
377,https://www.douban.com/group/topic/196853118/,æ±‚é—®ä¸­æ–‡ç³»èƒŒæ™¯è½¬äº§å“orNLPæœ‰å¤šéš¾ï¼Ÿ,https://www.douban.com/people/150108333/
378,https://www.douban.com/group/topic/197038622/,çœ¼ç§‘æˆåƒï¼Œå…‰å­¦æˆåƒï¼Œadaptive optics,https://www.douban.com/people/silence_cy/
379,https://www.douban.com/group/topic/196206286/,å£è…”åŒ»ç”Ÿ,https://www.douban.com/people/195837138/
380,https://www.douban.com/group/topic/194811100/,å•†ä¸šåˆ†æä¸“ä¸šçš„å‘å±•æ–¹å‘æ˜¯ä»€ä¹ˆ,https://www.douban.com/people/191376535/
381,https://www.douban.com/group/topic/195659120/,A B Testing å¦‚ä½•æå‡,https://www.douban.com/people/166704660/
382,https://www.douban.com/group/topic/196702340/,æ–°è¿‘æ¬åˆ°æ¹¾åŒºè½¬è¡Œproduct analystï¼Œè¯·å¤§å®¶çœ‹çœ‹è–ªé…¬åˆç†åº¦å’Œcareer path,https://www.douban.com/people/224799238/
383,https://www.douban.com/group/topic/196745716/,åˆšåˆšæ”¶åˆ°é«˜ç››çš„HireVueï¼Œæƒ³è¯·æ•™å‰è¾ˆä»¬ä¸€äº›ç»éªŒ,https://www.douban.com/people/178573058/
384,https://www.douban.com/group/topic/194525013/,å›½å†…å¤§å‚æƒ³ç¿»å¢™é‡å­¦cs,https://www.douban.com/people/162656262/
385,https://www.douban.com/group/topic/196137409/,è¯·é—®æœ‰æ²¡æœ‰æ•°å­¦ä¸å¤ªå¥½çš„æœ‹å‹,https://www.douban.com/people/52286467/
386,https://www.douban.com/group/topic/196694089/,è¯»ç ”è¿˜æ˜¯å·¥ä½œï¼Ÿæ±‚å»ºè®®ï¼,https://www.douban.com/people/203705880/
387,https://www.douban.com/group/topic/196702834/,æ¯•è®¾é€‰é¢˜æ±‚é—®,https://www.douban.com/people/62742928/
388,https://www.douban.com/group/topic/196145859/,Cè¯­è¨€å¥½éš¾å“¦ğŸ¤¯,https://www.douban.com/people/70088702/
389,https://www.douban.com/group/topic/195940397/,åˆ†äº«å¤§å®¶éƒ½æ˜¯å¦‚ä½•æé«˜presentationæ°´å¹³ ä¸å®šæœŸæ›´æ–°Ted Talks,https://www.douban.com/people/fade_away/
390,https://www.douban.com/group/topic/195652763/,æ±‚é—® ML å›¾åƒå¤„ç†ç›¸å…³è¿›é˜¶å­¦ä¹ ,https://www.douban.com/people/54310365/
391,https://www.douban.com/group/topic/196752444/,æœ¬ç§‘ç”µä¿¡æ±‚ç¡•å£«å‘å±•æ–¹å‘çš„å»ºè®®,https://www.douban.com/people/148335155/
392,https://www.douban.com/group/topic/195178373/,æ±‚åŠ©ï¼å»ºç­‘å¸ˆè½¬è¡Œï¼ŒCSæœ¬ç§‘å¤§äºŒï¼Œè¿˜è¦ä¸è¦ç»§ç»­å¿µä¸‹å»ï¼Ÿ,https://www.douban.com/people/oliviahaohao/
393,https://www.douban.com/group/topic/196747021/,internshipæœŸé—´åšçš„æœ€å¯¹çš„ä¸€ä»¶äº‹,https://www.douban.com/people/148764922/
394,https://www.douban.com/group/topic/196746357/,211ææ–™ç¡•å£«ï¼Œè¦ä¸è¦è¯»åš,https://www.douban.com/people/186075839/
395,https://www.douban.com/group/topic/194809079/,Designerç»„é˜ŸMock Interviewä»¥åŠè·¨èŒä¸šåˆ†äº«æ´»åŠ¨,https://www.douban.com/people/108384204/
396,https://www.douban.com/group/topic/196602784/,é‡‘èè¡Œä¸šåœ¨ç”Ÿäº§ç¯å¢ƒä¸Šå·¥ä½œç²¾ç¥éšæ—¶éƒ½å¾ˆç´§ç»·ï¼Œæœ‰ä»€ä¹ˆå¥½çš„æ’è§£æ–¹æ³•å—,https://www.douban.com/people/148840053/
397,https://www.douban.com/group/topic/196745599/,å¯ä»¥å¼€æ–°ä¸“åŒºå‘æ‹›äººå¸–å—ï¼Ÿå¥³æ€§äº’ç›¸ä»‹ç»å·¥ä½œæœºä¼šï¼Œäº’ç›¸å¸®åŠ©ï¼Œå…±åŒå¯Œè£•,https://www.douban.com/people/80772149/
398,https://www.douban.com/group/topic/194669554/,æ±‚åŠ©ï¼šç¾æœ¬è½¬å­¦éœ€è¦åšå“ªäº›å‡†å¤‡å‘¢ï¼Ÿ,https://www.douban.com/people/179241958/
399,https://www.douban.com/group/topic/196743545/,å¦‚ä½•è‡ªå­¦å‰ç«¯å¼€å‘ï¼Œè®ºå›æ­å»º,https://www.douban.com/people/152573566/
400,https://www.douban.com/group/topic/196540408/,é—²èŠ| å¤§å®¶æ€ä¹ˆä¿æŠ¤è§†åŠ›ğŸ‘€,https://www.douban.com/people/67614447/
401,https://www.douban.com/group/topic/196184014/,å¯¹ECEä¸“ä¸šçš„ä¸€ç‚¹ç–‘é—®,https://www.douban.com/people/122840235/
402,https://www.douban.com/group/topic/196579638/,æƒ³quitç¾å›½å·²ç»è¯»äº†å¥½å‡ å¹´çš„åšå£«ï¼Œå»ç”³æ¬§æ´²çš„åšå£«ï¼Œæ±‚å¤§å®¶çš„å»ºè®®å’Œæ„è§ã€‚,https://www.douban.com/people/197169542/
403,https://www.douban.com/group/topic/196690808/,å›½å†…æ•°æ®åˆ†æå·²ç»é¥±å’Œäº†å—,https://www.douban.com/people/58786878/
404,https://www.douban.com/group/topic/194981913/,ç¯å¢ƒç¡•å£«åœ¨è¯»æƒ³è½¬ç ï¼Œå›½å†…æ±‚èŒæœ‰å¯èƒ½è¢«æŠ€æœ¯å²—æ”¶ä¹ˆ,https://www.douban.com/people/134480677/
405,https://www.douban.com/group/topic/196584733/,ä¸ªäººå‘å±•ï½œåŒ—æ¬§CSç¡•å£«ç”³è¯·,https://www.douban.com/people/165943367/
406,https://www.douban.com/group/topic/196378411/,æƒ³è¦ä»äº‹äº§å“ç›¸å…³å·¥ä½œåº”è¯¥å…·å¤‡å“ªäº›æŠ€èƒ½ï¼Ÿ,https://www.douban.com/people/186574259/
407,https://www.douban.com/group/topic/195833135/,åŒ—ç¾newgradè€ƒå¯Ÿä»€ä¹ˆï¼Ÿå¦‚ä½•æå‡é¢è¯•è¡¨ç°ï¼Ÿ,https://www.douban.com/people/222016634/
408,https://www.douban.com/group/topic/196517670/,æœ‰æ•°æ®åˆ†æä»ä¸šè€…ä¹ˆï¼Ÿæƒ³è½¬è¡Œ,https://www.douban.com/people/145642941/
409,https://www.douban.com/group/topic/195514989/,ç¾æœ¬å¤§å››ï¼ŒèŒä¸šé“è·¯è¿·èŒ«ï¼Œå¯»æ±‚æ¸¸æˆ/è§†è§‰è®¾è®¡ç›¸å…³çš„ç¾å¥³ä»¬è§£æƒ‘ï¼,https://www.douban.com/people/198621569/
410,https://www.douban.com/group/topic/196543468/,æ±‚æ•‘ï¼è¯·é—®å§å¦¹ä»¬éƒ½æ˜¯æ€ä¹ˆç¡®å®šæ¯•ä¸šè®ºæ–‡çš„æ–¹å‘å’Œtopicçš„ï¼,https://www.douban.com/people/oneall/
411,https://www.douban.com/group/topic/196522028/,æ–°äººä¸€æšï¼Œæœ‰æ²¡æœ‰æ–°è¥¿å…°çš„å°ä¼™ä¼´å•Š,https://www.douban.com/people/148559038/
412,https://www.douban.com/group/topic/196507910/,åŒæ§ç ”ç©¶ç”Ÿæ˜¯ä¸æ˜¯å‡ºè·¯å¤§å¤šæ˜¯ç¨‹åºå‘˜,https://www.douban.com/people/144112444/
413,https://www.douban.com/group/topic/196577444/,å‹åŠ›å¥½å¤§å•Š,https://www.douban.com/people/146690782/
414,https://www.douban.com/group/topic/196460802/,æ˜å¤©å®ä¹ é¢è¯•ï¼Œæ±‚å»ºè®®é¼“åŠ±ï¼,https://www.douban.com/people/194378497/
415,https://www.douban.com/group/topic/196249687/,åŒ—ç¾åŒå­¦ä»¬æœ‰chowbusçš„è´¦å·å—ï¼Ÿ,https://www.douban.com/people/147468915/
416,https://www.douban.com/group/topic/193920292/,Mobile(iOS) engineer æ¥è®¨è®º,https://www.douban.com/people/1599283/
417,https://www.douban.com/group/topic/196461986/,æ±‚åŠ© H1Bæ–°è§„ æ‹…å¿ƒofferè¢«æ’¤å›å¦‚ä½•argue,https://www.douban.com/people/216755499/
418,https://www.douban.com/group/topic/196380442/,æé—®ï½œå¦‚ä½•ç¤¼è²Œçš„æ‹’ç»LinkedInä¸Šrecruiterçš„æ‹›è˜ï¼Ÿ,https://www.douban.com/people/157068460/
419,https://www.douban.com/group/topic/196461729/,æ¡†æ¶æ€ç»´ - å¦‚ä½•åšä¸€ä¸ªtech presentation/ product demo,https://www.douban.com/people/87163032/
420,https://www.douban.com/group/topic/196460288/,ä¸šä½™æ—¶é—´å­¦ä¸ªè·¨ç•Œä¸“ä¸šæ˜¯å¯è¡Œçš„å—,https://www.douban.com/people/129504729/
421,https://www.douban.com/group/topic/196386281/,Tech/DS/CSçš„å§å¦¹ä»¬éƒ½ç”¨ä»€ä¹ˆç”µè„‘ï½,https://www.douban.com/people/204176591/
422,https://www.douban.com/group/topic/196389968/,fintech -> MBA -> IB -> å›å›½å¯è¡Œå— ><,https://www.douban.com/people/215145800/
423,https://www.douban.com/group/topic/195820028/,è¯·æ•™ä¸€ä¸‹ï¼Œäººå·¥æ™ºèƒ½ï¼Œè®¤çŸ¥ç§‘å­¦å’Œæ•™è‚²ç›¸ç»“åˆæœ‰å¥½çš„é¡¹ç›®æˆ–ä¼ä¸šå—,https://www.douban.com/people/138625729/
424,https://www.douban.com/group/topic/195764420/,ä¸ªäººå‘å±• | è½¬è¡Œåšäº§å“ç»ç†éœ€è¦å‡†å¤‡äº›å•¥,https://www.douban.com/people/71791110/
425,https://www.douban.com/group/topic/196423067/,æ±‚åŠ©ï½œlegaltechç›¸å…³äº§å“éœ€æ±‚åŠPMå²—ä½èŒè´£,https://www.douban.com/people/Nowno/
426,https://www.douban.com/group/topic/196379428/,æœ‰æ²¡æœ‰åœ¨HKåšUX/UIçš„å§å¦¹,https://www.douban.com/people/153562689/
427,https://www.douban.com/group/topic/196418666/,ç»Ÿè®¡/è®¡é‡ç»æµå­¦çš„èµ„æ–™,https://www.douban.com/people/mechelle05/
428,https://www.douban.com/group/topic/195059176/,æœ‰æœ¨æœ‰åšMachine Learning çš„å¦¹çº¸å¯ä»¥ç»™ç‚¹æ‹¨ä¸€ä¸‹,https://www.douban.com/people/GracieLee/
429,https://www.douban.com/group/topic/195959908/,happy hour éƒ½èŠä»€ä¹ˆ,https://www.douban.com/people/ylen/
430,https://www.douban.com/group/topic/195921003/,SDEçš„æ­§è§†é“¾ï¼Ÿå†…é™„quantæ­§è§†é“¾,https://www.douban.com/people/180666208/
431,https://www.douban.com/group/topic/196346757/,æœ‰åˆ›ä¸šçš„å§å¦¹å—ï¼Ÿ,https://www.douban.com/people/47539784/
432,https://www.douban.com/group/topic/196290158/,generalé¢è¯•é—®é¢˜ï¼ŒåŒä¸€å®¶å…¬å¸ç¬¬ä¸€å¹´é¢è¯•å¤±è´¥äº†å¯¹ç¬¬äºŒå¹´é¢è¯•æœ‰å½±å“å—,https://www.douban.com/people/204176591/
433,https://www.douban.com/group/topic/194078757/,æœ‰æ²¡æœ‰å¯¹åˆ›ä¸šæœ‰å…´è¶£çš„å§å¦¹ä»¬å‘€ï¼Ÿ,https://www.douban.com/people/photoshopper/
434,https://www.douban.com/group/topic/195188642/,å…³äºleetcodeçš„èµ·æ­¥åˆ·æ³•ç–‘é—®,https://www.douban.com/people/150650172/
435,https://www.douban.com/group/topic/195927962/,å¤§å®¶äº†è§£production supportçš„èŒä¸šå‰æ™¯å—,https://www.douban.com/people/148840053/
436,https://www.douban.com/group/topic/196341742/,new gradæ€ä¹ˆæ‰¾fintechç±»å·¥ä½œ,https://www.douban.com/people/53311202/
437,https://www.douban.com/group/topic/195318084/,èŒåœºå‘å±•ï½œå°è°ƒæŸ¥ å“ªé‡Œå¯¹å¥³æ€§çš„èŒä¸šå‘å±•æ›´å‹å–„ï¼Ÿ,https://www.douban.com/people/frank93/
438,https://www.douban.com/group/topic/196238339/,Design Patternåœ¨å®é™…å·¥ä½œä¸­é‡è¦å—ï¼Ÿ,https://www.douban.com/people/89256867/
439,https://www.douban.com/group/topic/195543164/,åˆ è´´ï½œAnything,https://www.douban.com/people/208766426/
440,https://www.douban.com/group/topic/196264989/,æé—®ï¼š GitHubæ€ä¹ˆæ­å»ºä¸ªäººåšå®¢å‘¢ï¼Ÿ,https://www.douban.com/people/84798678/
441,https://www.douban.com/group/topic/194202611/,åœ¨å®¶å·¥ä½œå¥½ç‰©æ¨èï¼Œç¼“è§£è…°ç—›å’Œè‚©é¢ˆç—› neck & back pain,https://www.douban.com/people/lingerluo/
442,https://www.douban.com/group/topic/196321500/,æœ‰äººrelocationçš„æ—¶å€™ç”¨è¿‡tax advisorå—ï¼Ÿ,https://www.douban.com/people/34038803/
443,https://www.douban.com/group/topic/196345977/,DAæ˜¯å¦å¤„äºä¸€ä¸ªæ¯”è¾ƒå°´å°¬çš„ä½ç½®,https://www.douban.com/people/182492571/
444,https://www.douban.com/group/topic/196053372/,ç¾æœ¬21å±Šç°åœ¨å¥½è¿·èŒ«,https://www.douban.com/people/120198091/
445,https://www.douban.com/group/topic/195709243/,æ¯å‘¨å’Œmanager 1:1æ—¶èŠä»€ä¹ˆï¼Ÿ,https://www.douban.com/people/62951788/
446,https://www.douban.com/group/topic/196034961/,æ•™è‚²ç§‘æŠ€å‰æ™¯å¦‚ä½•,https://www.douban.com/people/136152971/
447,https://www.douban.com/group/topic/194992997/,æ–‡ç§‘è½¬ç¡•IS,https://www.douban.com/people/midanta/
448,https://www.douban.com/group/topic/196085852/,è½¬ç  FAQï¼šæˆ‘è¯¥é€‰å“ªé¡¹æŠ€æœ¯æ ˆ/è¯­è¨€ï¼Ÿ,https://www.douban.com/people/mfcndw/
449,https://www.douban.com/group/topic/195427528/,è™½ç„¶æ˜ç™½æ­§è§†å“ªé‡Œéƒ½æœ‰ï¼Œä½†è¿˜æ˜¯ç¾¡æ…•æ¬§ç¾çš„å§å¦¹ä»¬äº†,https://www.douban.com/people/49348277/
450,https://www.douban.com/group/topic/196115769/,è¯·åˆ†äº«ä¸€ä¸‹è¿™ä¸ªVGHCçš„ å‚ä¸å¿ƒå¾—å¥½å˜›ï¼Ÿ,https://www.douban.com/people/missjennyyang/
451,https://www.douban.com/group/topic/196079891/,å¯¹è®¡ç®—æœºæ–°ç”Ÿæœ‰ä»€ä¹ˆå»ºè®®,https://www.douban.com/people/221250211/
452,https://www.douban.com/group/topic/196131762/,æœ‰ä¼ åª’çš„å‰è¾ˆå—ï¼Ÿç¼–å¯¼æœ‰å¿…è¦è€ƒç ”å—ï¼Ÿ,https://www.douban.com/people/172979966/
453,https://www.douban.com/group/topic/196069687/,æ±‚é—®ä¸‹æœ‰åœ¨å›½å†…å·¥ä½œçš„è½¬å»ç¾å¸å¤§å‚å—,https://www.douban.com/people/203108939/
454,https://www.douban.com/group/topic/195806355/,å¦‚æœæ˜¯0åŸºç¡€0å·¥ä½œç»éªŒçš„ï¼Œèƒ½åœ¨æµ·å¤–æ‰¾åˆ°ç›¸å…³å·¥ä½œå—,https://www.douban.com/people/79181890/
455,https://www.douban.com/group/topic/195974500/,æœ‰æ— ç¯å¢ƒå’¨è¯¢ç±»å¤–ä¼å·¥ä½œçš„å§å¦¹ï¼Ÿ,https://www.douban.com/people/189234352/
456,https://www.douban.com/group/topic/195846590/,èŒåœºå‘å±•ï½œå…¥èŒç§‘æŠ€å’¨è¯¢å…¬å¸ä¸€å¹´çš„Lessons Learned,https://www.douban.com/people/wangshangguan/
457,https://www.douban.com/group/topic/195961629/,FB data engineer intern Analyticsé¢è¯•ï¼Ÿæ±‚å§å¦¹å¸®åŠ©,https://www.douban.com/people/155587464/
458,https://www.douban.com/group/topic/195430594/,å¤§å®¶æ¥åšä¸€ä¸‹è®¤çŸ¥æµ‹è¯•ï¼ŒæŠ•ä¸ªç¥¨çœ‹çœ‹,https://www.douban.com/people/167113249/
459,https://www.douban.com/group/topic/196031153/,SDE_è½¬ä¸“ä¸š/æ‰¾å®ä¹  å¦‚ä½•å‡†å¤‡æŠ€æœ¯é¢è¯•ä¸­çš„åŸºç¡€çŸ¥è¯† (ç›¸å…³è¯¾ç¨‹æ¥ä¸åŠä¸Šçš„æƒ…å†µä¸‹ ,https://www.douban.com/people/yoci642/
460,https://www.douban.com/group/topic/193663009/,ç§‘æŠ€å§å¦¹å°ç»„å‘å±•æ„è§ç•…æ‰€æ¬²è¨€è´´,https://www.douban.com/people/63351658/
461,https://www.douban.com/group/topic/193578097/,Sr. Data Scientist at FAANG ï¼ˆex MSFTï¼‰ï¼ŒAMA,https://www.douban.com/people/2829164/
462,https://www.douban.com/group/topic/194047350/,Engineering PhD -> FAANG Applied Scientist,https://www.douban.com/people/207641733/
463,https://www.douban.com/group/topic/195315920/,æ–°è§„å½±å“Fç­¾åˆæ³•åœç•™æ—¶é—´å’ŒæŒOPTå·¥ä½œï¼Ÿï¼Ÿï¼Ÿï¼Ÿï¼Ÿï¼Ÿ,https://www.douban.com/people/151022823/
464,https://www.douban.com/group/topic/196015832/,è¯·é—®å¤§å®¶æ˜¯å¦‚ä½•åˆ†è¾¨æœ‰ä»·å€¼çš„å¼€å‘å·¥ä½œçš„ï¼Ÿ,https://www.douban.com/people/63450993/
465,https://www.douban.com/group/topic/195160132/,æœ‰æ²¡æœ‰å›½å†…å°±ä¸šçš„å§å¦¹,https://www.douban.com/people/185842515/
466,https://www.douban.com/group/topic/195931243/,confusingçš„quantæ±‚èŒè·¯,https://www.douban.com/people/199344456/
467,https://www.douban.com/group/topic/195552276/,å›½å†…æ¸¸æˆè¡Œä¸šç­–åˆ’å²—ï¼Œçœ‹çœ‹æœ‰æ²¡æœ‰æƒ³æé—®çš„å§å¦¹,https://www.douban.com/people/104617754/
468,https://www.douban.com/group/topic/195843591/,è¯·æ•™ä¸€ä¸‹coffee chatçš„æŠ€å·§,https://www.douban.com/people/151232146/
469,https://www.douban.com/group/topic/193822032/,ç§‘æ™®ï¼ˆorå®‰åˆ©andåŠé€€ï¼‰åœ¨é‡‘èå…¬å¸åšSDE,https://www.douban.com/people/79110701/
470,https://www.douban.com/group/topic/195942682/,ä¸ºä»€ä¹ˆè¿™ä¸ªç»„å¤§å®¶è¯´è¯éƒ½å–œæ¬¢å¸¦è‹±æ–‡ï¼Œæˆ‘çœ‹ä¸æ‡‚ï¼Œæ‰¿è®¤è‡ªå·±è‹±è¯­ä¸å¥½,https://www.douban.com/people/205820321/
471,https://www.douban.com/group/topic/195909133/,é¦™æ¸¯éå…«å¤§æœ¬ç§‘digital bizå¤§ä¸‰åœ¨è¯» å°±ä¸šé¢/æ±‚å­¦ çœŸçš„å¾ˆçª„å—,https://www.douban.com/people/180580545/
472,https://www.douban.com/group/topic/195461900/,æ±‚æ¨èshaderå­¦ä¹ èµ„æº,https://www.douban.com/people/173719355/
473,https://www.douban.com/group/topic/194149550/,ä¼¦æ•¦çš„techå§å¦¹å¯ä»¥æ¥äº¤æµ,https://www.douban.com/people/yuechenhu/
474,https://www.douban.com/group/topic/195745014/,åœ¨toé‡Œï¼Œä»€ä¹ˆæ—¶å€™è¯¥å›é‚®ä»¶ä»€ä¹ˆæ—¶å€™ä¸è¯¥å›,https://www.douban.com/people/mollysongchen/
475,https://www.douban.com/group/topic/195217372/,Return Internshipæœ‰å¿…è¦å»å—,https://www.douban.com/people/67229211/
476,https://www.douban.com/group/topic/195760759/,æƒ³åˆ·é¢˜çš„å§å¦¹ä»¬,https://www.douban.com/people/217858206/
477,https://www.douban.com/group/topic/195444120/,å¤§å®¶ä¸ºä»€ä¹ˆè¦è½¬ç å‘¢ï¼Ÿ,https://www.douban.com/people/63224878/
478,https://www.douban.com/group/topic/193956271/,"Econ é‡‘èèƒŒæ™¯è½¬CS master, AMA",https://www.douban.com/people/190562472/
479,https://www.douban.com/group/topic/194907620/,Biotechè½¬Tech ä½•å»ä½•ä»ï¼ˆupdate æ”¶åˆ°SDE Intern offerï¼‰,https://www.douban.com/people/82869972/
480,https://www.douban.com/group/topic/193800927/,SDE @ çƒ­å¸¦é›¨æ—,https://www.douban.com/people/211283886/
481,https://www.douban.com/group/topic/194810205/,åæ§½toxicå·¥ä½œç¯å¢ƒï¼Œæ±‚å»ºè®®,https://www.douban.com/people/aquababy/
482,https://www.douban.com/group/topic/195700187/,åœ¨ä¼ ç»Ÿè¡Œä¸šä»0æ­å»ºæ•°æ®ä½“ç³»çš„ç–‘é—®,https://www.douban.com/people/87374629/
483,https://www.douban.com/group/topic/194355416/,æƒ³é—®ä¸€ä¸‹å§å¦¹ä»¬éƒ½æ˜¯ä»€ä¹ˆé˜¶æ®µæ‰¾åˆ°çš„å·¥ä½œ,https://www.douban.com/people/151232146/
484,https://www.douban.com/group/topic/194228538/,ç»„è§„å·²æ›´æ–°ï¼ŒPrivacy First,https://www.douban.com/people/63351658/
485,https://www.douban.com/group/topic/194147982/,æˆ‘ä¹Ÿåˆ†äº«ä¸€ä¸ªå¯ä»¥å…è´¹å­¦pythonçš„åœ°å„¿,https://www.douban.com/people/59179466/
486,https://www.douban.com/group/topic/194212688/,ã€é•¿æœŸæ›´æ–°ã€‘å¤§å®¶è§è¿‡ä¸€äº›è¹©è„šçš„èŒåœºè‹±è¯­å—ï¼Ÿ,https://www.douban.com/people/silmarillion/
487,https://www.douban.com/group/topic/195682667/,quant åˆšè½¬SDEæ–°äººæ±‚å»ºè®®,https://www.douban.com/people/180666208/
488,https://www.douban.com/group/topic/195691100/,å·¥ä½œå‹åŠ›å¤§åˆ°ç„¦è™‘,https://www.douban.com/people/211192296/
489,https://www.douban.com/group/topic/194818225/,æ±‚æ¨èè®¡ç®—æœºæ–¹å‘çš„ä¸“ä¸š,https://www.douban.com/people/150980066/
490,https://www.douban.com/group/topic/195563980/,æŠ•è¡ŒITæƒ³è¦æ¢ç»„å»é‡‘èéƒ¨é—¨åšDS,https://www.douban.com/people/40755221/
491,https://www.douban.com/group/topic/195646056/,ä¸æ‡‚å°±é—®ï½œæƒ³è½¬è¡Œåšç å†œï¼Œåº”è¯¥ä»å“ªé‡Œå¼€å§‹å­¦èµ·,https://www.douban.com/people/184583081/
492,https://www.douban.com/group/topic/195216882/,å¤§å®¶æœ‰åšroboticsç›¸å…³æ–¹å‘æˆ–è€…æ„Ÿå…´è¶£çš„ä¹ˆï¼Ÿ,https://www.douban.com/people/207641733/
493,https://www.douban.com/group/topic/195614903/,æƒ³å’¨è¯¢ä¸€ä¸‹å¤§å®¶è½¯ä»¶å·¥ç¨‹ä¸“ä¸šçš„å‰ç«¯ç¨‹åºå‘˜æƒ³è€ƒè¯çš„è¯è€ƒé‚£ç§æ¯”è¾ƒå¥½å‘¢,https://www.douban.com/people/144681212/
494,https://www.douban.com/group/topic/194938907/,æ–‡ç†å­¦é™¢ç¤¾ç§‘ MBAæ ¡æ‹› ç°FAANG PM,https://www.douban.com/people/46758044/
495,https://www.douban.com/group/topic/194351926/,å¤§å®¶wfhç”¨ä»€ä¹ˆåŠæ³•æ¥ä¿æŒæ³¨æ„åŠ›å‘¢,https://www.douban.com/people/211283886/
496,https://www.douban.com/group/topic/195655617/,ç–‘é—®ï½œè¯·é—®å¤§å®¶ å¸®è‡ªå·±å…¬å¸å†…æ¨candidateçš„æ—¶å€™éœ€è¦æ³¨æ„ä»€ä¹ˆå—,https://www.douban.com/people/120607634/
497,https://www.douban.com/group/topic/195637634/,èŒåœºå…¥é—¨101-å¤§å®¶æ˜¯æ€ä¹ˆæ‰¾mentorçš„ï¼Ÿ,https://www.douban.com/people/87163032/
498,https://www.douban.com/group/topic/195627750/,ä¸€èµ·ç½‘è¯¾ï¼Ÿ,https://www.douban.com/people/82869972/
499,https://www.douban.com/group/topic/194926825/,ä¸ªäººå‘å±• | åœ¨fintechä¸€å¹´ä¹‹åï¼Œæœ‰äº›è¿·èŒ«,https://www.douban.com/people/165057139/
500,https://www.douban.com/group/topic/195607788/,å­¦æœ¯ç•Œè½¬å·¥ä¸šç•ŒèŒä½ï¼Œè¯·æ•™è¿œç¨‹é¢è¯•ç»éªŒ,https://www.douban.com/people/vincentheo/
501,https://www.douban.com/group/topic/195538503/,ä¸“ä¸šDigital media and society ï¼Œæ±‚å¤§å®¶ä»‹ç»ä¸€ä¸‹ç›¸å…³çš„å²—ä½,https://www.douban.com/people/164870867/
502,https://www.douban.com/group/topic/195191118/,å•†ç§‘æœ¬ç¡•æƒ³è½¬å…¶ä»–è¡Œä¸šæ±‚å»ºè®®ï¼,https://www.douban.com/people/68794235/
503,https://www.douban.com/group/topic/194917306/,æ–‡ç§‘ç¡•å£«æ¯•ä¸š30å² æƒ³è½¬è¡Œæ•°æ®åˆ†æ,https://www.douban.com/people/58786878/
504,https://www.douban.com/group/topic/193571496/,"FAANG Software Engineer -> Technical Program Manager, AMA",https://www.douban.com/people/amberoses/
505,https://www.douban.com/group/topic/194913576/,æé—® ï½œ æ€ä¹ˆåˆ†è¾¨å»ºè®®å’Œæ‰¹è¯„,https://www.douban.com/people/219164843/
506,https://www.douban.com/group/topic/195319613/,é—²èŠï½œå¤§å®¶æ€ä¹ˆçœ‹â€œé“ä¹‰æ”¾ä¸¤æ— åˆ©å­—æ‘†ä¸­é—´â€è¿™å¥è¯ï¼Ÿ,https://www.douban.com/people/frank93/
507,https://www.douban.com/group/topic/195317728/,1ï¼š1ä¸€èˆ¬èŠäº›ä»€ä¹ˆæ¯”è¾ƒå¥½,https://www.douban.com/people/223870211/
508,https://www.douban.com/group/topic/194262011/,2021 summer intern,https://www.douban.com/people/146269026/
509,https://www.douban.com/group/topic/195315967/,ä»Šå¹´çš„ghcä»€ä¹ˆæƒ…å†µ,https://www.douban.com/people/62930759/
510,https://www.douban.com/group/topic/193565668/,Senior Software Engineerï¼ŒFANG -> startupï¼Œask me anything,https://www.douban.com/people/mfcndw/
511,https://www.douban.com/group/topic/194047725/,æŠ•ç¥¨å¸–,https://www.douban.com/people/211283886/
512,https://www.douban.com/group/topic/193645068/,GHC telegram è®¨è®ºç»„,https://www.douban.com/people/smile0802/
513,https://www.douban.com/group/topic/195138096/,åŒ»è¯è¡Œä¸šè¯•å›¾è½¬ç ,https://www.douban.com/people/178567118/
514,https://www.douban.com/group/topic/193933316/,æ•°æ®åˆ†æ æ±‚èŒ æ±‚å»ºè®® ,https://www.douban.com/people/63768396/
515,https://www.douban.com/group/topic/194925900/,è¿™é‡Œå§å¦¹ä¹‹åçš„ä¸šä½™æ—¶é—´æœ‰å¤šå°‘æ˜¯ç»§ç»­ç•™ç»™å……ç”µæå‡çš„ï¼Ÿ,https://www.douban.com/people/214688455/
516,https://www.douban.com/group/topic/195187296/,å§å¦¹ä»¬æœ‰æ²¡æœ‰æ¨èå†™è‹±æ–‡é‚®ä»¶çš„ä¹¦æˆ–è€…èµ„æºå‘€,https://www.douban.com/people/GDance/
517,https://www.douban.com/group/topic/194591482/,MEå…šæ¥å•¦ï¼Œé¡¹ç›®ç®¡ç† äº§å“è®¾è®¡ äº§å“å¼€å‘,https://www.douban.com/people/147182152/
518,https://www.douban.com/group/topic/194306693/,ç»„é‡Œæœ‰æ²¡æœ‰å¥³å»ºç­‘å¸ˆçš„ï¼Ÿ,https://www.douban.com/people/177258148/
519,https://www.douban.com/group/topic/194988584/,å…³äºè‡ªèº«ç»å†å’ŒJDä¸ç¬¦ï¼ŒHRè¿˜é‚€è¯·å»é¢è¯•çš„é—®é¢˜,https://www.douban.com/people/196372587/
520,https://www.douban.com/group/topic/195209505/,å·¥ä½œåˆšæ»¡ä¸€å¹´ï¼Œä¸‹ç¤¼æ‹œä¸€æœ‰ä¸ªå’Œåˆä¼™äººçš„1on1 coffee chatï¼Œæ±‚å»ºè®®,https://www.douban.com/people/204511603/
521,https://www.douban.com/group/topic/195217944/,ç”Ÿç‰©ç»Ÿè®¡åœ¨è¯å‚çš„å‘å±•,https://www.douban.com/people/151446364/
522,https://www.douban.com/group/topic/195113064/,å¸®èµ·å¥½ç©çš„è‹±æ–‡é˜Ÿå,https://www.douban.com/people/148840053/
523,https://www.douban.com/group/topic/195190938/,ç¢°åˆ°äº†æ£˜æ‰‹çš„é—®é¢˜ğŸ’¥å§å¦¹ä»¬å¯ä»¥å¸®æˆ‘å‡ºå‡ºä¸»æ„å—,https://www.douban.com/people/192793728/
524,https://www.douban.com/group/topic/193920114/,"FAANG SWE in New York, AMA",https://www.douban.com/people/140751719/
525,https://www.douban.com/group/topic/195179142/,å¤§å®¶ä¸‹ç­åä¼šåšä»€ä¹ˆå‘¢ï¼Ÿ,https://www.douban.com/people/221707270/
526,https://www.douban.com/group/topic/195060455/,å¥³æ€§äº’åŠ©å°ç»„ | WIA å¥³æ€§åŠ¨ç”»å½±è§†ä»ä¸šè€…,https://www.douban.com/people/aries23/
527,https://www.douban.com/group/topic/194440505/,åŒ—ç¾å»ºç­‘æœ¬ç§‘ è½¬start upå‰ç«¯ åæ ‡æ¹¾åŒº,https://www.douban.com/people/2839812/
528,https://www.douban.com/group/topic/194046506/,æœ‰æµ·å¾·å ¡çš„å§å¦¹å—ï¼Ÿ,https://www.douban.com/people/201892094/
529,https://www.douban.com/group/topic/194170265/,æ±‚åŠ©ï¼Œæœ€è¿‘åœ¨è‡ªå­¦c++å’ŒJava,https://www.douban.com/people/hikarieluo/
530,https://www.douban.com/group/topic/195022400/,åœ¨å›½å†…æŸç†å·¥ç±»å¤§å­¦ï¼Œæƒ³å‘å±•ä¸€ä¸ªç±»ä¼¼women in techçš„ç¤¾å›¢æˆ–ç»„ç»‡ï¼Œæœ‰æ²¡æœ‰å»ºè®®,https://www.douban.com/people/178166932/
531,https://www.douban.com/group/topic/195067364/,èŒåœºå‘å±• | è·ŸPMçš„æ²Ÿé€š,https://www.douban.com/people/wingo0/
532,https://www.douban.com/group/topic/194207535/,åˆ†äº«+è®¨è®ºï½œéåŒ—ç¾åœ°åŒºç†å·¥ç§‘è½¬è¡ŒDS,https://www.douban.com/people/18116623/
533,https://www.douban.com/group/topic/194300394/,å¤§å®¶æœ‰æ²¡æœ‰women role model in tech,https://www.douban.com/people/207641733/
534,https://www.douban.com/group/topic/194821371/,å¤šçœ‹çœ‹JDå¯ä»¥äº†è§£DSï¼ŒBAç­‰ä¸åŒæ•°æ®ç§‘å­¦roleçš„éœ€æ±‚,https://www.douban.com/people/loveljfoever/
535,https://www.douban.com/group/topic/194046596/,Incoming SDE@FLAG ç¤¾ç§‘èƒŒæ™¯è½¬ç   AMA,https://www.douban.com/people/hellozzz/
536,https://www.douban.com/group/topic/194828726/,å¦‚ä½•æœ‰ç¤¼è²Œåœ°æ‹’ç»å…¶ä»–ç»„æŒ–è§’å¹¶ä¸”ç»™è‡ªå·±ç•™ä¸€çº¿åè·¯ï¼Ÿ,https://www.douban.com/people/47626361/
537,https://www.douban.com/group/topic/194246385/,æœ‰æ²¡æœ‰ä»æŸè®ºå›æ‘¸è¿‡æ¥çš„å§å¦¹å‘€ï¼Œç»ˆäºæ‰¾åˆ°ç»„ç»‡äº†,https://www.douban.com/people/121570002/
538,https://www.douban.com/group/topic/194837928/,"æœ‰æœ‹å‹æ˜¯åšsoftware engineering, code analysis æˆ–è€…testçš„å—",https://www.douban.com/people/91315334/
539,https://www.douban.com/group/topic/194300503/,æ¯æ¬¡å¼€ä¼šé‡åˆ°å…¨å¥³æ€§,https://www.douban.com/people/smile0802/
540,https://www.douban.com/group/topic/194217512/,AMAï½œSDE @ è™¾å›¾é¢å­ä¹¦,https://www.douban.com/people/lytymay/
541,https://www.douban.com/group/topic/194675104/,å¦‚ä½•ä»æ¯æ¬¡é¢è¯•ä¸­æé«˜è‡ªå·±ï¼Ÿ,https://www.douban.com/people/175362009/
542,https://www.douban.com/group/topic/194804374/,è¯·æ•™å‰è¾ˆä»¬ï½œææ–™ä¸“ä¸šè½¬æ•°å­¦ä¸CSä¸“ä¸šï¼Œæ˜¯å¥½çš„é€‰æ‹©å—ï¼Ÿ,https://www.douban.com/people/183541794/
543,https://www.douban.com/group/topic/194246522/,è®¨è®ºï½œå¦‚ä½•æ‹¿åˆ°Faang çš„DS/SDE/DE å…¥åœºåˆ¸ï¼Ÿï¼ˆé™„DSè½¬SDEèµ„æ–™ï¼‰ for new grads å’Œåœ¨æ ¡ç”Ÿ @åŒ—ç¾ ,https://www.douban.com/people/4626084/
544,https://www.douban.com/group/topic/194046847/,New Gradæƒ³é—®ä¸€ä¸‹startup offerçš„Equityæ€ä¹ˆç®—,https://www.douban.com/people/203093878/
545,https://www.douban.com/group/topic/194797019/,åœ¨ç¾æœ¬è¯»å­¦æ ¡ä¸å¤ªå¼ºçš„ä¸“ä¸šï¼Œè€ƒè™‘æœ‰æ²¡æœ‰transferçš„å¿…è¦,https://www.douban.com/people/154637777/
546,https://www.douban.com/group/topic/194590004/,å°ç»„å…¬å‘Š | ä»ä»Šæ—¥èµ·å®è¡Œç”³è¯·å…¥ç»„,https://www.douban.com/people/63351658/
547,https://www.douban.com/group/topic/194680609/,æœ‰åšæŠ€æœ¯è´Ÿè´£äººçš„å§å¦¹å—æ±‚ç®¡ç†ç»éªŒ,https://www.douban.com/people/cantfeelmyself/
548,https://www.douban.com/group/topic/194678114/,æ±‚èŒ | å¦‚ä½•ä»å¤šå®¶offerä¸­æŒ‘é€‰æœ€é€‚åˆè‡ªå·±çš„å›¢é˜Ÿ,https://www.douban.com/people/162087492/
549,https://www.douban.com/group/topic/194176830/,æé—® | econèƒŒæ™¯+å°startup å¦‚ä½•è·³æ§½Data Roleï¼Ÿ,https://www.douban.com/people/1530552/
550,https://www.douban.com/group/topic/194679276/,æé—®ï¼šæ˜å¤©é¢è¯•bqï¼šè¯´ä¸€ä»¶ä½ ä»¥å‰å¿«é€Ÿåšå†³å®šçš„äº‹æƒ… å¹¶è¯´è¯´ç»“æœæ€ä¹ˆæ ·,https://www.douban.com/people/197687735/
551,https://www.douban.com/group/topic/194566192/,å·¥ç§‘ç§‘ç ”ä»ä¸šå¥³æ€§èŒåœºæåº¦å¼±åŠ¿,https://www.douban.com/people/203717926/
552,https://www.douban.com/group/topic/194677327/,ç®€å†ä¼šå‡åˆ†ä¹ˆï¼šæ¯•ä¸šå·¥ä½œåŠå¹´åæ¢æ–¹å‘å»è¯»æ’åä½çš„å­¦æ ¡PhD,https://www.douban.com/people/aquababy/
553,https://www.douban.com/group/topic/193944107/,è®¤çœŸè®¨è®ºå¦‚ä½•å‡èŒ,https://www.douban.com/people/zikhan/
554,https://www.douban.com/group/topic/194602182/,å¦‚ä½•åœ¨è‡ªå·±å…¬å¸å†…æ‰¾åˆ°ä¸€ä¸ª mentorï¼Ÿï¼ˆnot in the same team),https://www.douban.com/people/48371115/
555,https://www.douban.com/group/topic/194574187/,ä¸ªäººä¸å»ºè®®å¥³æ€§å›æ¥,https://www.douban.com/people/justice_world/
556,https://www.douban.com/group/topic/194640444/,how do u doing at work. how do u like ur jobå¤§å®¶æ¥èŠèŠè‡ªå·±çš„å·¥ä½œæ€ä¹ˆæ ·å‘€,https://www.douban.com/people/148840053/
557,https://www.douban.com/group/topic/194488375/,ç®¡ç†å­¦æ¯•ä¸šå›å›½å¯ä»¥æ‰¾ä»€ä¹ˆå·¥ä½œå‘¢ï¼Ÿ,https://www.douban.com/people/205636380/
558,https://www.douban.com/group/topic/194616097/,ã€‚,https://www.douban.com/people/152373419/
559,https://www.douban.com/group/topic/194303609/,æ±‚èŒnetworking | è¯´ä¸‹æ¬¡å¼€æ”¾èŒä½è”ç³»æ˜¯ä¸æ˜¯èŒåœºå¥—è¯å•Š,https://www.douban.com/people/feierhaha/
560,https://www.douban.com/group/topic/194203776/,å‹æƒ…å°ç»„ | æ¬¢è¿åŠ å…¥Women in Academia å¥³æ€§åœ¨å­¦æœ¯ç•Œ,https://www.douban.com/people/181503663/
561,https://www.douban.com/group/topic/193883612/,èŒåœºä¸å‹å¥½æ˜¯ä¸æ˜¯å› ä¸ºç”·æ€§å±…å¤š,https://www.douban.com/people/59077222/
562,https://www.douban.com/group/topic/193556896/,æ–‡ç« æ”¶é›†ï¼šæ¢è®¨å¥³æ€§ç§‘æŠ€ä»ä¸šè€…å›°å¢ƒ,https://www.douban.com/people/63351658/
563,https://www.douban.com/group/topic/194554728/,å•†ç§‘è½¬data èƒŒæ™¯æå‡ç›¸å…³é—®é¢˜,https://www.douban.com/people/189249703/
564,https://www.douban.com/group/topic/194216488/,æ±‚ä¸€ä¸ªæŠ•è¡Œtechçš„AMA,https://www.douban.com/people/BuddhaTree/
565,https://www.douban.com/group/topic/193659891/,åˆ†äº«ä¸€ä¸ªteach girls codingå…¬ç›ŠPythonå­¦ä¹ ,https://www.douban.com/people/81845425/
566,https://www.douban.com/group/topic/193823961/,æ•°å­¦ä¸“ä¸šcareer path,https://www.douban.com/people/OTLbujieshi/
567,https://www.douban.com/group/topic/194047852/,undergrad DA/DSæ–¹å‘æ±‚å»ºè®®,https://www.douban.com/people/158886454/
568,https://www.douban.com/group/topic/193922305/,æ¥åˆ†äº«ä¸ªå›½å†…çš„ç»„ç»‡Coding Girls Club,https://www.douban.com/people/sundevilyang/
569,https://www.douban.com/group/topic/193971305/,æé—®ï½œæ•°å­¦èƒŒæ™¯å¦‚ä½•å¯»æ‰¾dataæ–¹å‘çš„å·¥ä½œï¼ˆä»¥åŠå‡†å¤‡é¢è¯•ï¼‰,https://www.douban.com/people/121728249/
570,https://www.douban.com/group/topic/194158940/,æé—®+é—²èŠï½œåœ¨è¯»phdæ€ä¹ˆæ‰¾internå‘€,https://www.douban.com/people/162401906/
571,https://www.douban.com/group/topic/194161817/,Grace Hopper 2020 registration ddl 6pm pt TODAY,https://www.douban.com/people/54203186/
572,https://www.douban.com/group/topic/194185835/,è·¨ä¸“ä¸šitç ”ä¸€æ‰¾å¯’å‡å®ä¹ å¯è¡Œå—ï¼Ÿ,https://www.douban.com/people/167375795/
573,https://www.douban.com/group/topic/194080768/,"quant -> swe, AMA?",https://www.douban.com/people/1143350/
574,https://www.douban.com/group/topic/194177510/,CS Phd Looking for ML Engineer/Researcher Full Time Roles,https://www.douban.com/people/54091985/
575,https://www.douban.com/group/topic/193904756/,æƒ³é—®ä¸‹æœ‰äººåŠè·¯è½¬è¡Œè½¬è®¾è®¡çš„å—ï¼ŸUXä¸€ç±»çš„ï¼Ÿ,https://www.douban.com/people/hinderpanda/
576,https://www.douban.com/group/topic/194174509/,æ±‚åˆ†äº«å¤§å®¶æ€ä¹ˆå’Œç»„é‡ŒåŒäº‹æ··è„¸ç†Ÿ/ç›¸å¤„,https://www.douban.com/people/175280732/
577,https://www.douban.com/group/topic/194177871/,åˆ†äº«ä¸€ä¸‹èµ„æºï¼ˆç®—æ³•å’Œé¢è¯•ä¹¦ç­‰ï¼‰,https://www.douban.com/people/yun5s/
578,https://www.douban.com/group/topic/194174032/,ç»„é‡Œæœ‰ç”Ÿå‘½ç§‘å­¦çš„PhDå—,https://www.douban.com/people/72221586/
579,https://www.douban.com/group/topic/194173749/,networking ç›¸å…³ | å¤§å®¶ä¼šä¸»åŠ¨è·ŸåŒè¡Œåˆ†äº«è§£å†³æ–¹æ³•å—ï¼Ÿ,https://www.douban.com/people/feierhaha/
580,https://www.douban.com/group/topic/193917613/,é—²èŠ+æé—®ï½œå¤§å®¶å’Œè€æ¿1on1æ—¶ä¸€èˆ¬éƒ½è¯´äº›ä»€ä¹ˆï¼Ÿ,https://www.douban.com/people/79110701/
581,https://www.douban.com/group/topic/194046615/,è¿œç¨‹å¼€å§‹å·¥ä½œ æ²¡æœ‰ä»»ä½•workæ€ä¹ˆåŠ,https://www.douban.com/people/photoplusword/
582,https://www.douban.com/group/topic/194133798/,æ•°å­¦PhD ---> å·¥ç¨‹å’¨è¯¢ AMA,https://www.douban.com/people/218951215/
583,https://www.douban.com/group/topic/193565813/,å¤§å®¶å¥½å‘€ï¼Œæˆ‘æ˜¯ä¸€ä¸ªï¼ˆå‰ï¼‰çº¿ä¸Šè¿åŠ¨åº·å¤appçš„åˆ›ä¸šè€…,https://www.douban.com/people/bbsummer/
584,https://www.douban.com/group/topic/193983906/,è¯·é—®å¤§å®¶é™¤äº†å…¬å¸çš„ä¿é™©è¿˜æœ‰è‡ªå·±ä¹°ä¿é™©å—ï¼Ÿ,https://www.douban.com/people/LILYZHAO/
585,https://www.douban.com/group/topic/193928167/,æ‹›äººorå¸¦äººï¼Œæ€ä¹ˆæ‰¾åˆ°åˆé€‚çš„äººï¼Ÿ,https://www.douban.com/people/54008865/
586,https://www.douban.com/group/topic/193888069/,æ„Ÿè§‰è‡ªå·±å•¥ä¹Ÿåšä¸å¥½,https://www.douban.com/people/144983792/
587,https://www.douban.com/group/topic/193880498/,DS/CS å·¥ä½œçš„å¯æŒç»­æ€§å’Œæ–°å¤§ä¸‰ç”Ÿé‡åˆ°çš„çŸ›ç›¾,https://www.douban.com/people/180933049/
588,https://www.douban.com/group/topic/193919438/,åˆ°åº•ä»€ä¹ˆæ˜¯data scientistï¼Ÿ è¿›æ¥çœ‹çœ‹æ˜¯å¦å‡†ç¡®,https://www.douban.com/people/jachsu/
589,https://www.douban.com/group/topic/193589566/,"Elpha, women in tech forum",https://www.douban.com/people/48371115/
590,https://www.douban.com/group/topic/193568010/,Telegramç¤¾äº¤ç»„ç¾¤æ”¶é›†ï¼šè±†ç“£ä»¥å¤–çš„Women In Techå°ç¾¤ä½“,https://www.douban.com/people/63351658/
591,https://www.douban.com/group/topic/193570273/,"Operation Senior in Tech & Investor in Tech, AMA",https://www.douban.com/people/169917613/
